GEO_ID,NAME,Gini_Index_2010,Gini_Index_2019,Total_Population_2010,Total_Population_2019,Civilians_Employed_Over_16_2012,Civilians_Employed_Over16_2019,Number_Employed_NAICS11_Industry_2012,Number_Employed_NAICS11_Industry_2019,Number_Employed_NAICS71_Industry_2012,Number_Employed_NAICS71_Industry_2019,Population_Poverty_Status_Determined2012,Population_Poverty_Status_Determined2019,Percent_Population_Poverty_Status_Determined2012,Percent_Population_Poverty_Status_Determined2019,Number_Households_2012,Number_Households_2019,Median_Income_Households_2012,Median_Income_Households_2019,Population_18to24years_2012,Population_18to24years_2019,pct_less_than_highschool_graduate_2012,pct_less_than_highschool_graduate_2019,pct_highschool_graduate_equivalency_2012,pct_highschool_graduate_equivalency_2019,pct_some_college_associates_degree_2012,pct_some_college_associates_2019,pct_bachelors_degree_higher_2012,Population_25years_older_2012,Population_25years_older_2019,pct_highschool_graduate_or_higher_2012,pct_highschool_graduate_higher_2019,pct_bachelors_degree_or_higher_2012,pct_bachelors_degree_higher_2019,RetireTotal,RetirementIncome,NoRetirementIncome
0600000US4100190204,"Baker City CCD, Baker County, Oregon",0.429,0.4388,10865,10773,4262,4197,286,311,469,296,10551,10214,22.2,12,4672,4532,37005,45133,842,799,34.3,14.4,29.7,33.8,32.4,41.8,3.6,7735,7764,85.8,90.9,19.3,24.4,4532,1289,3243
0600000US4100190969,"Eagle Valley CCD, Baker County, Oregon",0.555,0.4747,819,996,238,321,44,143,18,0,699,986,13.4,13.8,386,457,31875,47847,7,24,85.7,20.8,14.3,54.2,0,25,0,588,823,92.7,92.1,21.6,18.1,457,158,299
0600000US4100191258,"Halfway CCD, Baker County, Oregon",0.446,0.4092,1143,1120,410,369,48,25,52,22,1076,1120,17.8,9.6,529,522,34788,44643,54,29,13,0,53.7,37.9,33.3,0,0,848,870,92.6,96.9,28.4,30.2,522,198,324
0600000US4100191326,"Hereford CCD, Baker County, Oregon",0.468,0.4894,744,779,250,298,63,36,20,3,679,779,15.9,19,378,396,41500,33917,0,12,-,16.7,-,58.3,-,25,-,644,677,93.2,91.6,19.7,9.3,396,134,262
0600000US4100191377,"Huntington CCD, Baker County, Oregon",0.402,0.5025,677,438,148,140,59,17,35,28,555,435,31.4,16.1,243,213,31161,35313,25,12,32,8.3,36,33.3,32,58.3,0,414,362,77.8,73.5,8.5,10.8,213,55,158
0600000US4100193555,"Wingville-Haines CCD, Baker County, Oregon",0.4,0.4767,1902,1913,1094,753,197,107,16,84,2051,1912,7.1,12.2,866,801,59324,63109,109,35,21.1,0,23.9,0,55,20,0,1584,1478,95.8,91.1,25.3,29.2,801,304,497
0600000US4100390680,"Corvallis CCD, Benton County, Oregon",0.495,0.5014,64621,69556,31468,34247,1104,666,3416,3849,61193,63948,26,23.1,25936,27693,41612,56324,18730,19362,4.2,2.3,11.1,13.1,72.4,70.5,12.3,36621,40147,94.3,96,52.2,57.9,27693,5233,22460
0600000US4100392142,"North Albany CCD, Benton County, Oregon",0.354,0.3667,8208,9584,3756,4324,41,63,164,268,8247,9571,2.3,4.4,3156,3526,77336,100357,670,787,16.6,7.4,40.9,32.7,30.6,49.7,11.9,5740,6596,95.6,98,44.7,49.8,3526,882,2644
0600000US4100392176,"North Benton CCD, Benton County, Oregon",0.353,0.4219,4226,4417,1887,2144,103,58,48,128,4089,4417,8.3,5.6,1554,1602,77125,80000,134,286,20.9,20.6,20.1,22.4,49.3,40.2,9.7,3022,3193,95.4,96.2,45.6,47.9,1602,371,1231
0600000US4100393009,"Southeast Benton CCD, Benton County, Oregon",0.43,0.4348,3824,4042,1816,1757,295,429,56,91,3915,4030,17.3,12.3,1547,1557,52022,64943,219,234,20.5,7.3,56.2,47,23.3,32.1,0,2799,2820,87.3,88.4,22.8,32.4,1557,324,1233
0600000US4100393077,"Southwest Benton CCD, Benton County, Oregon",0.385,0.3843,3279,3508,1396,1554,121,245,92,115,3154,3503,9.4,10.1,1309,1340,53156,76250,190,165,24.2,23.6,20.5,24.8,43.2,46.1,12.1,2381,2603,93.2,97.5,37.7,38.8,1340,336,1004
0600000US4100590272,"Beavercreek CCD, Clackamas County, Oregon",0.421,0.4235,6607,7582,3107,3507,93,202,118,223,5972,7531,10.6,9.7,2429,2799,75958,93279,412,439,11.4,2.5,48.8,17.8,39.8,53.1,0,4521,5415,93.7,91.9,16.1,31,2799,755,2044
0600000US4100590442,"Canby CCD, Clackamas County, Oregon",0.401,0.384,17786,19560,7848,9642,401,611,514,712,17895,19413,11.9,8.7,6379,7042,55986,73757,1509,1239,23.1,9.8,41.1,31.1,34.8,53.5,1,11565,13342,86.9,87.3,26.2,26.2,7042,1621,5421
0600000US4100590595,"Colton CCD, Clackamas County, Oregon",0.393,0.3879,4978,5083,2195,2327,59,77,129,90,4775,5068,5.2,10.6,1667,1783,59543,70757,408,398,8.6,8.8,53.4,50.8,33.1,40.5,4.9,3403,3564,90.7,94.5,15.4,20.8,1783,616,1167
0600000US4100591088,"Estacada CCD, Clackamas County, Oregon",0.417,0.412,16519,15610,7535,7528,342,183,464,505,16604,15596,11.9,8,5668,5889,61848,72458,1341,1224,26.7,24.3,32.6,33.9,31,37.8,9.7,11424,11738,87,88.8,18.2,19.9,5889,1466,4423
0600000US4100591955,"Molalla CCD, Clackamas County, Oregon",0.366,0.3949,11815,13370,5788,6131,322,304,382,193,12640,13162,8.9,11.8,4680,4773,53972,66434,1131,828,28.2,22.6,38.7,37,25.6,40.5,7.4,8157,8839,86.4,90.6,11.1,16.2,4773,943,3830
0600000US4100592023,"Mount Hood CCD, Clackamas County, Oregon",0.381,0.4188,9481,10321,4783,4731,140,164,720,576,9284,10282,8.7,11.5,3927,4252,65804,79383,480,547,5,14.3,49,34.6,38.8,51.2,7.3,7182,8254,94.1,92.7,23.9,24.2,4252,1248,3004
0600000US4100592040,"Mulino CCD, Clackamas County, Oregon",0.391,0.398,4820,4960,2479,2126,55,88,127,57,5305,4951,12.3,9.4,1753,1764,71354,82672,414,340,19.3,12.4,44.2,43.5,33.3,41.8,3.1,3648,3630,89.2,91.8,26.8,24.9,1764,675,1089
0600000US4100592261,"Northwest Clackamas CCD, Clackamas County, Oregon",0.448,0.4541,246700,272938,119765,137990,608,938,8872,11674,248476,270637,9.7,7.6,97549,105507,65403,82525,19920,21171,13.4,14.5,33.9,33.8,41.8,39.9,10.9,171973,192580,93.5,94.2,35.9,42.3,105507,23210,82297
0600000US4100592618,"Redland CCD, Clackamas County, Oregon",0.419,0.3977,6207,6009,2872,3000,0,140,180,254,6051,6009,6.2,5.9,2259,2371,81058,81440,423,376,7.6,20.7,48.5,21.5,33.6,54.5,10.4,4512,4692,90.8,99.4,26.7,35.2,2371,851,1520
0600000US4100592788,"Sandy CCD, Clackamas County, Oregon",0.44,0.3984,18917,22333,8858,10925,244,474,750,706,19070,22215,8.1,8.1,7384,8110,60529,78138,1058,1638,17.9,12,36.2,42.6,43,41.5,2.9,13565,15511,93.2,91.4,18.4,18.8,8110,1773,6337
0600000US4100593536,"Wilsonville CCD, Clackamas County, Oregon",0.448,0.4764,20339,25921,10552,13512,193,441,919,1015,21664,25690,8.7,9.2,9033,10776,57427,76123,1990,2441,12.7,10,23.7,32.2,45.3,38.1,18.2,14559,17715,92.9,96,41.2,48.7,10776,2226,8550
0600000US4100593587,"Yoder CCD, Clackamas County, Oregon",0.378,0.3699,6310,6776,3047,3365,267,386,161,189,6962,6761,10.4,2.8,2276,2342,65495,81944,449,581,8.2,4.5,37.4,42.7,41,52.8,13.4,4430,4941,85,88.9,23.3,26.2,2342,621,1721
0600000US4100790153,"Astoria CCD, Clatsop County, Oregon",0.44,0.4088,25351,26535,11919,11976,547,499,1878,1842,24608,26117,15,9.4,10593,10677,45251,57001,2240,1897,22.8,27.4,28.8,36.4,40.9,32.3,7.5,17745,19451,92.7,92,22.1,25.4,10677,2967,7710
0600000US4100791445,"Jewell CCD, Clatsop County, Oregon",0.385,0.5109,1065,1353,411,535,58,32,59,90,1015,1332,15.1,16,425,458,36875,53043,72,87,75,3.4,25,66.7,0,29.9,0,706,905,89.9,85.4,8.4,16,458,98,360
0600000US4100791598,"Knappa-Brownsmead CCD, Clatsop County, Oregon",0.376,0.3606,1855,1983,997,779,182,41,65,79,2070,1964,12,13.5,918,786,44054,62537,122,114,41,10.5,42.6,60.5,16.4,28.9,0,1594,1500,84.5,90.7,9.1,14.6,786,299,487
0600000US4100792839,"Seaside CCD, Clatsop County, Oregon",0.467,0.4097,8587,9231,3603,4472,95,76,992,940,8459,9093,19.4,10.3,3821,3879,42902,49960,796,1069,16.6,18.1,46.1,37.7,35.3,40.9,2,6210,6619,91.4,93.4,26.7,24.6,3879,1018,2861
0600000US4100990544,"Clatskanie CCD, Columbia County, Oregon",0.39,0.5042,6461,6636,2332,2617,107,174,158,120,6928,6612,13.4,16,2653,2611,47179,47184,470,592,18.7,10,45.7,36,34.9,42.7,0.6,4955,4803,86.7,92.3,14.8,13.2,2611,634,1977
0600000US4100991190,"Goble CCD, Columbia County, Oregon",0.331,0.3855,2272,2435,1038,952,70,28,67,65,2387,2435,11.4,18.1,903,930,59112,58900,165,157,6.7,28,32.7,39.5,60.6,29.3,0,1611,1789,89,88.4,12.3,14.6,930,329,601
0600000US4100992601,"Rainier CCD, Columbia County, Oregon",0.419,0.4131,4129,4891,1722,1723,158,71,157,144,3909,4833,18.2,10.7,1606,1727,48654,54125,347,326,30.5,33.1,43.5,38.7,25.9,25.8,0,2848,3589,85.9,89.5,16.9,17.5,1727,531,1196
0600000US4100992703,"St. Helens CCD, Columbia County, Oregon",0.365,0.4158,23098,24149,10093,10838,102,192,521,740,22733,23835,14.1,11.8,8747,9160,58880,65321,1831,1733,22.6,8.7,41.9,47,34.2,42,1.4,15494,17143,90,90.9,18.1,17.2,9160,2443,6717
0600000US4100992805,"Scappoose CCD, Columbia County, Oregon",0.399,0.4537,9232,9880,3878,5034,58,167,218,382,9394,9778,15.2,8.6,3751,3910,54456,79052,699,626,10.4,24.3,36.5,39.9,50.2,32.1,2.9,6411,6927,89.7,94.2,19.7,26.9,3910,869,3041
0600000US4100993332,"Vernonia CCD, Columbia County, Oregon",0.378,0.3671,3814,3384,1648,1437,177,80,91,56,3529,3355,6.9,7.7,1400,1333,55900,62780,244,183,18,5.5,48.8,31.1,20.9,60.7,12.3,2538,2505,87.2,89,16,17.7,1333,372,961
0600000US4101190221,"Bandon CCD, Coos County, Oregon",0.447,0.4636,5742,6398,2286,2053,277,66,361,599,5589,6316,13.4,15.2,3127,3043,34912,34076,47,511,68.1,17.6,31.9,21.5,0,54,0,4956,5001,89.7,88.7,19.1,18.5,3043,928,2115
0600000US4101190629,"Coos Bay CCD, Coos County, Oregon",0.453,0.4744,31109,31733,12376,13582,419,567,1730,1821,31284,31318,20.4,17.9,12852,13170,37886,48398,3036,2433,26.4,25.2,37.7,35.9,35.4,33.2,0.5,21716,22717,88.9,88.9,17.7,19.1,13170,3710,9460
0600000US4101190646,"Coquille CCD, Coos County, Oregon",0.435,0.4418,7952,7814,3250,2944,244,192,292,240,7938,7581,9.7,11.1,3232,3403,39444,39351,670,402,33.1,24.4,41.9,30.3,17.8,38.6,7.2,6321,6216,84.7,90.3,17.5,13.2,3403,1166,2237
0600000US4101191003,"Eastside CCD, Coos County, Oregon",0.424,0.3733,6080,5999,2244,2591,20,228,211,120,5815,5948,16.8,9.9,2457,2384,42842,60227,276,384,13,38.3,51.8,35.2,27.2,26.6,8,4441,4470,88.7,88.2,19.6,22.2,2384,831,1553
0600000US4101192074,"Myrtle Point CCD, Coos County, Oregon",0.433,0.4704,4730,4586,1702,1528,192,176,90,142,4343,4538,23.9,19.4,1966,2006,29785,38125,319,297,23.2,31,55.8,48.1,18.8,17.5,2.2,3293,3557,83,88.4,16.7,15.3,2006,499,1507
0600000US4101192159,"North Bayside CCD, Coos County, Oregon",0.468,0.4379,6614,5729,2272,1911,120,247,208,99,5369,5491,10.1,13.9,2488,2489,42500,43057,291,221,9.6,40.7,49.1,24.9,41.2,34.4,0,4559,4590,87,88.2,18.8,15.8,2489,834,1655
0600000US4101192567,"Powers CCD, Coos County, Oregon",0.343,0.4365,1092,1427,366,419,55,44,0,9,1276,1427,17.1,32.7,445,530,39464,34286,183,72,29,18.1,47,9.7,24,72.2,0,897,1028,90.5,86.1,7,8.9,530,151,379
0600000US4101390765,"Crooked River CCD, Crook County, Oregon",0.412,0.3641,3479,4242,1108,1367,173,127,74,100,3599,4231,16.2,9.8,1562,1816,40052,53021,199,97,34.7,46.4,32.2,35.1,27.6,18.6,5.5,2729,3486,89.1,88.5,11.5,13.3,1816,686,1130
0600000US4101392550,"Powell Butte CCD, Crook County, Oregon",0.332,0.4213,2304,2664,935,1217,54,78,0,100,2397,2664,11.8,5.3,976,965,66983,95448,31,183,0,45.4,67.7,28.4,32.3,26.2,0,1844,2114,95.9,98,34.5,34,965,391,574
0600000US4101392592,"Prineville CCD, Crook County, Oregon",0.368,0.4036,15732,16105,5676,6593,293,247,581,723,14917,16016,18.5,15.8,6207,6807,36713,43706,1055,1048,23.9,22.1,48.4,50.3,27.7,26,0,10661,11524,82.6,89,11.7,19.1,6807,1980,4827
0600000US4101590051,"Agness CCD, Curry County, Oregon",0.515,0.2567,111,48,46,19,0,0,26,0,90,48,44.4,0,24,30,53750,-,0,0,-,-,-,-,-,-,-,90,48,91.1,62.5,0,0,30,0,30
0600000US4101590357,"Brookings CCD, Curry County, Oregon",0.445,0.3943,9260,8970,3533,3371,108,135,455,355,9037,8884,8.4,9.3,4114,4010,43929,58382,594,373,17.7,17.7,54.5,70.5,27.8,7,0,6963,7090,92.1,93.7,19.1,27.3,4010,1151,2859
0600000US4101591207,"Gold Beach CCD, Curry County, Oregon",0.422,0.4693,4987,5734,2218,2157,27,160,380,486,5219,5662,13.4,9.7,2317,2575,41181,51317,307,221,25.7,44.3,38.4,33.9,32.9,21.7,2.9,3961,4623,90,92.5,21.5,20.6,2575,815,1760
0600000US4101591275,"Harbor CCD, Curry County, Oregon",0.432,0.458,4982,5231,1305,1227,115,18,187,101,4499,5224,16.1,14.5,2300,2557,35229,37896,216,320,29.2,16.6,61.6,70.6,8.8,12.8,0.5,3750,4254,91.2,81.6,21.1,23,2557,1067,1490
0600000US4101592533,"Port Orford CCD, Curry County, Oregon",0.469,0.4418,3071,2667,1005,843,168,78,195,164,3374,2667,24.6,24.6,1565,1374,31229,32447,174,133,5.7,4.5,65.5,56.4,28.7,39.1,0,2697,2289,87.7,92,22.1,27.8,1374,335,1039
0600000US4101790306,"Bend CCD, Deschutes County, Oregon",0.436,0.4587,85613,106106,42028,53525,820,1116,6411,6515,87502,105400,11.5,10.2,36489,42738,54202,68369,6156,6914,14.3,16.1,32.6,25.9,45.7,42.3,7.4,61463,76189,94.2,95.4,36.8,42.9,42738,9296,33442
0600000US4101792635,"Redmond CCD, Deschutes County, Oregon",0.387,0.3816,34609,40225,14839,20024,517,340,1718,2628,35937,40065,18.9,12.3,13907,15285,43678,65144,3367,3229,14.7,20.5,43.5,32.5,37.3,42.4,4.4,23646,28361,89.9,88.5,18.5,20,15285,3286,11999
0600000US4101792958,"Sisters-Millican CCD, Deschutes County, Oregon",0.433,0.4524,27961,31671,11061,13697,268,610,1536,1814,27591,31559,12.3,12.3,11224,12853,46482,64596,1670,2225,11.4,12.5,46.9,44.3,34.7,36.9,7.1,20581,24160,91.8,93.4,24.3,27.8,12853,3600,9253
0600000US4101793247,"Tumalo CCD, Deschutes County, Oregon",0.425,0.3838,6385,8249,2830,3846,48,182,328,649,6712,8163,6,5.3,2839,3521,67034,82767,456,388,6.8,8.2,26.1,47.4,62.3,38.9,4.8,5196,6905,96.4,97.6,35.8,42.3,3521,1313,2208
0600000US4101991054,"Elkton-Drain CCD, Douglas County, Oregon",0.384,0.3998,2896,2193,1082,1009,83,112,44,74,2783,2193,10,7.4,1045,993,42875,49886,207,105,33.8,54.3,42.5,22.9,23.7,22.9,0,2079,1779,82,94,9.2,9.1,993,251,742
0600000US4101991547,"Kellogg-Yoncalla CCD, Douglas County, Oregon",0.412,0.398,3657,3765,1307,1332,100,155,123,124,3840,3745,21.5,13,1643,1723,35893,46743,145,233,37.2,36.1,31,33,31.7,30.9,0,3049,2955,88,92.6,10.6,14.3,1723,599,1124
0600000US4101991853,"Melrose CCD, Douglas County, Oregon",0.384,0.4598,5120,5160,1951,2065,95,81,119,121,4983,5117,12,7.6,2031,2056,52223,55333,123,232,0.8,9.9,18.7,33.2,69.9,49.6,10.6,3921,4122,90.9,96.5,29.4,17.5,2056,719,1337
0600000US4101992057,"Myrtle Creek-Riddle CCD, Douglas County, Oregon",0.378,0.4154,13546,14489,5359,5130,354,441,1048,861,14145,14280,20.8,20.2,5528,5592,40000,44531,1270,847,23.2,24.4,36.1,39.3,40.6,36.2,0,10107,10373,79.6,84.8,8.9,9.9,5592,1735,3857
0600000US4101992244,"North Umpqua CCD, Douglas County, Oregon",0.373,0.4126,4685,5300,1783,2039,154,275,183,172,4758,5228,19.6,17.6,1920,2161,42083,49668,280,528,5,18.8,67.9,37.7,27.1,43.6,0,3590,3862,91.2,92.4,16.8,19.5,2161,594,1567
0600000US4101992652,"Reedsport CCD, Douglas County, Oregon",0.452,0.39,5813,5899,2013,2158,156,116,342,186,5799,5848,18.4,16.8,2621,2577,33149,40301,394,276,36,11.2,23.6,42,40.1,46.7,0.3,4392,4507,82.2,87,15.5,10.2,2577,786,1791
0600000US4101992686,"Roseburg CCD, Douglas County, Oregon",0.429,0.4378,41540,41252,16611,17402,568,743,1712,1689,41006,40512,18.1,12.1,17430,17616,38955,48083,3790,2980,19.4,15.5,32,48,46.4,32.1,2.2,29217,30113,89.4,90,18.4,21.5,17616,4630,12986
0600000US4101993060,"South Umpqua CCD, Douglas County, Oregon",0.383,0.4343,4198,4120,1562,1330,171,149,221,153,4146,4112,18,22,1741,1870,40709,36165,343,180,36.7,53.9,28.9,17.2,34.4,28.9,0,3074,3432,85.9,86,10.3,13,1870,469,1401
0600000US4101993153,"Sutherlin CCD, Douglas County, Oregon",0.418,0.4595,15969,16464,5654,6463,369,296,483,827,15194,16406,12.7,16.5,6205,6866,43848,50399,837,1285,28.6,13.4,31.5,54.9,39.9,21.8,0,11358,12108,87.2,90.7,14,20.7,6866,2302,4564
0600000US4101993179,"Tenmile CCD, Douglas County, Oregon",0.371,0.4565,9785,10472,3710,4363,159,261,206,478,9691,10396,22.1,14.2,3514,4002,38824,47457,693,717,18.9,12.1,33.9,40.2,42.4,46,4.8,6652,7318,85.6,88.6,9.2,13.2,4002,1157,2845
0600000US4102190102,"Arlington CCD, Gilliam County, Oregon",0.301,0.3454,791,908,406,440,44,39,21,38,875,908,15.2,12.3,356,354,56296,58000,53,54,0,68.5,30.2,31.5,60.4,0,9.4,617,623,90.4,91.2,20.6,19.1,354,44,310
0600000US4102190612,"Condon CCD, Gilliam County, Oregon",0.422,0.3959,940,970,527,372,111,41,13,46,1014,960,10.4,8.5,538,488,40714,43654,28,27,0,51.9,35.7,25.9,42.9,22.2,21.4,845,801,89,89,12.9,16.1,488,110,378
0600000US4102391462,"John Day CCD, Grant County, Oregon",0.416,0.4504,4868,5009,2010,2045,218,245,272,186,4861,4942,17.4,19,2262,2328,34178,41172,343,243,33.2,28,50.1,34.2,12.8,26.3,3.8,3568,3789,88.2,88.4,19.7,18.2,2328,671,1657
0600000US4102391683,"Long Creek CCD, Grant County, Oregon",0.469,0.4714,902,710,320,293,82,127,6,6,889,710,11.9,17.6,391,387,33693,45268,44,24,27.3,25,27.3,16.7,45.5,58.3,0,687,591,88.6,84.8,10.6,20.5,387,129,258
0600000US4102392584,"Prairie City CCD, Grant County, Oregon",0.428,0.388,1305,1175,538,487,123,81,11,15,1289,1136,14.2,17.1,590,522,32500,51786,41,79,31.7,12.7,0,25.3,56.1,62,12.2,1031,921,90.8,92.8,17.7,21.6,522,182,340
0600000US4102392856,"Seneca CCD, Grant County, Oregon",0.503,0.3584,274,295,157,147,104,50,1,10,242,295,3.3,8.1,133,144,46850,56500,3,25,0,0,0,0,100,84,0,230,231,90.4,90,1.7,17.3,144,53,91
0600000US4102590391,"Burns CCD, Harney County, Oregon",0.402,0.4134,5301,5276,2161,2097,252,166,281,208,4994,5139,17.7,10.1,2302,2464,38182,37652,485,382,33,18.3,46.2,47.1,20.8,34.3,0,3609,3897,88.7,91.9,14.9,17.7,2464,631,1833
0600000US4102590901,"Diamond CCD, Harney County, Oregon",0.41,0.475,882,528,461,278,303,157,40,25,924,525,25,15.4,338,248,45500,56000,35,30,42.9,16.7,34.3,43.3,11.4,40,11.4,597,415,87.9,95.2,16.1,21.9,248,45,203
0600000US4102590918,"Drewsey CCD, Harney County, Oregon",0.438,0.4466,1181,1463,595,599,308,179,13,31,1297,1463,20.4,10.4,546,532,40278,53478,86,33,16.3,12.1,64,54.5,2.3,33.3,17.4,901,1011,93.2,89,18.9,19.9,532,95,437
0600000US4102790476,"Cascade Locks CCD, Hood River County, Oregon",0.33,0.4099,1004,1328,416,492,48,43,57,92,1004,1322,15.9,7.7,416,546,41111,51964,68,96,20.6,25,26.5,31.3,45.6,43.8,7.4,690,864,83,87.8,16.1,14.6,546,122,424
0600000US4102790850,"Dee CCD, Hood River County, Oregon",0.355,0.338,1185,1158,715,611,219,140,51,62,1358,1152,16.6,0.4,313,316,62458,74348,263,50,9.1,30,71.1,70,19.8,0,0,735,760,61.2,81.6,14.3,28.3,316,43,273
0600000US4102791343,"Hood River CCD, Hood River County, Oregon",0.421,0.4126,12471,12903,6496,6933,414,488,934,963,12488,12792,7.6,4.9,5116,5435,58689,71863,761,856,26,36.4,34,27.1,24.6,33.1,15.4,8645,9126,90,87.4,34.9,40.3,5435,1060,4375
0600000US4102792380,"Odell CCD, Hood River County, Oregon",0.389,0.5087,5568,5721,2842,2867,941,738,140,152,5683,5670,14.6,4.7,1690,1736,53855,63739,403,565,31.5,14.9,39,38.8,23.8,43.9,5.7,3700,3639,68.1,66.9,12.9,18.5,1736,343,1393
0600000US4102792431,"Parkdale CCD, Hood River County, Oregon",0.337,0.3902,1478,2099,858,1018,284,451,20,26,1507,2047,4.2,20.4,492,567,60357,50368,87,281,2.3,44.1,2.3,18.9,95.4,37,0,1115,1375,83.2,74.9,19.8,25.2,567,130,437
0600000US4102990119,"Ashland CCD, Jackson County, Oregon",0.481,0.5132,30692,31304,13938,14411,275,389,1578,2501,29573,30400,17.4,17,13923,14499,40895,52913,3809,3579,9,6.7,22.1,26,63.3,61.5,5.7,21259,22668,95.2,95.3,47.5,53.3,14499,3606,10893
0600000US4102990408,"Butte Falls-Prospect CCD, Jackson County, Oregon",0.384,0.4967,2734,2556,1097,791,121,44,122,52,2645,2556,13.8,18.3,1058,1107,44911,45954,193,102,20.7,38.2,46.6,32.4,32.6,29.4,0,1964,2074,91,91.5,19.1,20.2,1107,347,760
0600000US4102990952,"Eagle Point CCD, Jackson County, Oregon",0.369,0.4217,9635,11504,4400,5085,31,367,233,332,9946,11504,11.5,8.9,3561,4434,59383,72361,814,553,15.4,0,45.6,42.7,39.1,51.2,0,6685,8222,89.9,92.2,12.6,19.1,4434,931,3503
0600000US4102991836,"Medford CCD, Jackson County, Oregon",0.438,0.4572,124502,139520,54340,62528,1516,1910,5883,7170,126749,138108,17.2,16.4,51039,54745,43208,51786,10859,10779,22.1,22.8,38.6,38.6,36,34.5,3.2,86755,96969,87.8,88.4,21,23.1,54745,11047,43698
0600000US4102992278,"Northwest Jackson CCD, Jackson County, Oregon",0.434,0.4664,7979,7719,2965,2944,146,122,170,222,7815,7714,14.1,12.8,3289,3227,42014,53037,449,581,28.3,10.8,51.7,34.8,20,49.2,0,5991,6022,88.7,94.4,13,20.5,3227,1112,2115
0600000US4102992771,"Sams Valley CCD, Jackson County, Oregon",0.401,0.4629,4879,4606,2009,1928,139,93,123,108,4338,4603,11.3,10.6,1843,1878,50607,56883,269,250,33.8,5.6,26.4,46.8,11.5,44,28.3,3374,3613,91.5,89,15.2,21.4,1878,488,1390
0600000US4102992873,"Shady Cove CCD, Jackson County, Oregon",0.392,0.4451,6695,7358,2553,2785,53,143,374,127,6496,7327,16.2,11.8,2893,3174,37453,52064,218,456,18.3,26.8,53.7,39.7,23.4,33.6,4.6,5290,5818,85.8,87.5,13.2,17.7,3174,739,2435
0600000US4102993026,"Southeast Jackson CCD, Jackson County, Oregon",0.468,0.4499,2101,1792,785,767,31,39,71,66,2118,1777,12.7,6.9,890,781,63750,85982,127,106,2.4,1.9,21.3,27.4,76.4,35.8,0,1665,1423,95.8,97.2,46.2,50.7,781,266,515
0600000US4102993094,"Southwest Jackson CCD, Jackson County, Oregon",0.451,0.4228,11370,10215,4606,4128,241,284,243,199,11473,10215,16.8,14.2,4874,4396,52703,62171,545,330,19.6,33.3,66.4,35.5,10.6,25.8,3.3,8910,8220,90.7,91.3,25.7,35.2,4396,1305,3091
0600000US4103190136,"Ashwood CCD, Jefferson County, Oregon",0.431,0.3939,1085,1466,218,287,117,40,3,27,473,605,18.2,12.2,215,213,29659,86250,142,73,47.2,12.3,43,30.1,9.9,57.5,0,900,1279,79.1,88.2,3.6,14.6,213,59,154
0600000US4103190782,"Culver CCD, Jefferson County, Oregon",0.418,0.3994,6962,7954,2708,3243,173,215,159,308,6928,7925,17.8,11,2889,3005,43288,57420,360,594,34.2,8.2,25.8,43.6,40,48.1,0,5081,5664,87.2,88.7,12.6,17.8,3005,1016,1989
0600000US4103191224,"Grandview CCD, Jefferson County, Oregon",0.363,0.3656,504,616,184,263,0,10,28,40,538,616,5.9,5.8,242,240,50611,70000,26,5,23.1,100,0,0,42.3,0,34.6,474,523,100,95,36.5,31.9,240,95,145
0600000US4103191751,"Madras CCD, Jefferson County, Oregon",0.433,0.4614,9896,10044,4038,4240,424,390,348,480,9863,9826,19.5,18.4,3848,3800,42698,46912,986,858,27.3,11.1,29.8,40.4,36,48.5,6.9,6240,6777,82.6,85.8,20.1,23.4,3800,840,2960
0600000US4103193383,"Warm Springs CCD, Jefferson County, Oregon",0.41,0.4551,3205,3527,1071,1003,29,61,149,197,3078,3462,24,35.6,811,836,48307,45000,372,322,37.9,29.2,25.5,55.9,30.9,14.9,5.6,1698,1954,75.3,83.7,8,9.5,836,116,720
0600000US4103390493,"Cave Junction CCD, Josephine County, Oregon",0.455,0.4605,7037,7085,2042,1893,107,64,155,162,6695,7068,33.9,31.5,2888,3291,24946,31194,251,330,31.9,43,39.8,23.3,28.3,33.6,0,5069,5724,81.7,88.3,12.6,13.9,3291,873,2418
0600000US4103391241,"Grants Pass CCD, Josephine County, Oregon",0.453,0.4504,59484,64036,22571,24787,411,630,2110,2776,58849,62862,18,16.3,25228,26567,36801,47656,4662,4576,20.4,18.4,40.5,37.3,35.6,42,3.5,42780,46319,88.5,90.7,15.9,17.7,26567,7036,19531
0600000US4103392295,"Northwest Josephine CCD, Josephine County, Oregon",0.437,0.419,7093,6959,2481,2732,91,59,119,133,7118,6946,19.1,20.5,2797,2946,42363,48427,508,345,31.3,0.3,21.3,35.9,37,60.6,10.4,5385,5383,92.1,91.3,13.8,16,2946,1024,1922
0600000US4103393485,"Wilderville CCD, Josephine County, Oregon",0.466,0.4224,5462,4845,1790,1527,170,119,144,88,5623,4795,23.9,16.1,2146,2170,41346,49040,417,204,26.9,13.2,21.8,24,51.3,62.7,0,4108,3921,87,87.8,23.8,17.1,2170,807,1363
0600000US4103393519,"Williams CCD, Josephine County, Oregon",0.379,0.4676,3096,3326,1050,1046,105,292,12,0,3238,3230,22.7,22,1314,1393,38511,44484,168,99,28.6,11.1,30.4,40.4,36.9,48.5,4.2,2429,2455,91.7,91,26.8,25.3,1393,443,950
0600000US4103590527,"Chiloquin CCD, Klamath County, Oregon",0.422,0.5213,3868,4954,1149,1272,131,108,170,223,4348,4916,24.5,25.9,2034,2276,33260,34722,180,306,20,46.4,56.1,35.6,23.9,18,0,3542,3646,87.2,90.4,11.7,18.7,2276,662,1614
0600000US4103590731,"Crescent Lake CCD, Klamath County, Oregon",0.404,0.3877,3082,3286,1258,1052,108,173,239,76,3170,3255,16.9,15.7,1424,1344,38537,45952,223,199,25.6,7,55.2,59.8,13.9,33.2,5.4,2532,2599,83.8,92.8,12.2,12.6,1344,366,978
0600000US4103591564,"Keno CCD, Klamath County, Oregon",0.379,0.3547,3373,2798,1322,1025,41,16,86,55,3054,2798,10.3,6.5,1323,1216,44159,55625,226,59,10.6,0,38.5,22,50.9,44.1,0,2407,2210,85.6,84.7,22.6,13.1,1216,398,818
0600000US4103591581,"Klamath Falls CCD, Klamath County, Oregon",0.447,0.4519,49915,49255,20503,20152,659,786,2152,2273,47859,48470,18.7,20.5,20470,20359,41704,46593,4905,4472,19.5,15.5,32.6,27.1,43.2,52.1,4.8,32419,33660,88.5,88.5,21.2,21.5,20359,4231,16128
0600000US4103591651,"Langell Valley CCD, Klamath County, Oregon",0.522,0.4321,1474,1585,459,548,122,104,11,35,1519,1585,31.5,20.5,659,673,33125,38162,61,89,68.9,18,21.3,24.7,9.8,57.3,0,1112,1178,89.3,87,15,17.3,673,211,462
0600000US4103591785,"Malin CCD, Klamath County, Oregon",0.33,0.3994,1115,1624,652,843,289,267,12,48,1384,1580,21.8,21.8,486,593,50076,56713,167,164,54.5,11,16.8,32.3,13.2,33.5,15.6,940,1063,69.4,67.6,21.5,12.6,593,77,516
0600000US4103591870,"Merrill CCD, Klamath County, Oregon",0.393,0.383,2198,1983,1145,945,453,199,119,38,2249,1983,14.5,7.3,795,871,51195,49511,226,88,29.6,0,21.2,29.5,49.1,62.5,0,1473,1535,77.8,84.3,9.7,19.9,871,193,678
0600000US4103593594,"Yonna Valley-Poe Valley CCD, Klamath County, Oregon",0.356,0.4122,1495,1436,464,510,97,106,23,52,1466,1415,10.8,9.5,556,554,50263,49405,97,82,19.6,12.2,60.8,4.9,4.1,82.9,15.5,1019,1047,86.9,89.5,19,20.2,554,190,364
0600000US4103791632,"Lakeview CCD, Lake County, Oregon",0.425,0.4416,5591,4980,2237,2002,273,194,167,197,4892,4412,14.5,19.2,2295,2120,44655,43432,289,355,18.7,9.6,47.4,57.5,33.9,31.5,0,4045,3631,86.2,86.3,22.3,18,2120,411,1709
0600000US4103792924,"Silver Lake-Fort Rock CCD, Lake County, Oregon",0.436,0.4915,1394,1873,649,675,382,234,20,96,1703,1873,21.6,20.8,830,954,27656,31131,135,64,14.8,40.6,60,59.4,25.2,0,0,1184,1568,84.9,83.2,11.7,8,954,194,760
0600000US4103793145,"Summer Lake CCD, Lake County, Oregon",0.583,0.3602,599,631,215,251,71,72,19,30,618,607,25.7,12,309,268,28693,52500,28,43,39.3,4.7,39.3,69.8,21.4,16.3,0,474,404,87.8,94.1,15.6,29,268,57,211
0600000US4103793417,"Warner Valley CCD, Lake County, Oregon",0.379,0.3415,298,353,170,203,129,82,0,23,254,353,18.5,6.5,132,173,21471,56719,8,5,0,0,0,100,75,0,25,215,290,94,96.9,26,24.5,173,33,140
0600000US4103990187,"Badger Mountain CCD, Lane County, Oregon",0.388,0.409,12378,13603,5296,5982,101,244,343,632,12222,13597,11.5,14,4748,5160,53307,58750,672,1111,14,22.6,49,46.4,32.6,29.9,4.5,8902,9847,92.7,88.7,20,20.1,5160,1448,3712
0600000US4103990578,"Coburg CCD, Lane County, Oregon",0.483,0.5077,2118,2398,990,919,14,96,38,80,2178,2395,11.2,10.7,855,933,56058,54375,188,178,6.4,8.4,29.3,73,60.1,9.6,4.3,1481,1713,93.8,92.5,27.3,29.2,933,296,637
0600000US4103990697,"Cottage Grove CCD, Lane County, Oregon",0.419,0.4284,18984,19248,7052,7666,220,552,751,745,18045,19039,16.4,19,7372,7614,39553,48591,1477,1323,12.4,30.4,42.5,31.9,42.7,31.8,2.4,12773,14175,88.1,88.3,14.6,19.6,7614,2039,5575
0600000US4103990748,"Creswell CCD, Lane County, Oregon",0.468,0.4355,9137,9849,3701,4430,74,113,237,325,8954,9710,10.6,10.8,3491,3772,51769,65990,703,466,11.8,1.9,38,24,44.1,72.1,6.1,6115,7014,88.1,94,20.6,25.4,3772,954,2818
0600000US4103990943,"Dunes City CCD, Lane County, Oregon",0.475,0.4503,2396,2599,867,814,32,29,128,186,2717,2568,14.6,19,1163,1149,43665,56250,180,108,34.4,13.9,20,77.8,45.6,8.3,0,2146,2065,95.2,91.9,21.7,28.3,1149,444,705
0600000US4103991105,"Eugene-Springfield CCD, Lane County, Oregon",0.461,0.47,249626,269879,116160,131791,1860,1845,11687,14300,247718,263269,20.6,18.7,105026,110716,42003,51572,39354,40337,8.5,9.2,21.1,25.5,62.7,54.5,7.8,165093,179366,91,92.5,31.2,33.9,110716,21385,89331
0600000US4103991147,"Florence CCD, Lane County, Oregon",0.441,0.4536,12152,12764,4460,4173,57,55,830,842,12518,12684,14.5,15.1,6311,6184,34416,43764,698,598,26.9,5.9,53.3,57.5,19.8,32.8,0,10380,10628,92.2,90.8,20,21.5,6184,2480,3704
0600000US4103991513,"Junction City CCD, Lane County, Oregon",0.382,0.5336,11879,12623,5290,5772,503,241,329,373,11861,12380,15.7,14.3,4631,4889,44281,57723,1130,1050,31,14.6,40.2,37.2,27.9,42.3,1,8267,8898,86.4,91,14.2,22.4,4889,1099,3790
0600000US4103991700,"Lowell CCD, Lane County, Oregon",0.37,0.4536,5071,5201,2139,2143,58,59,63,154,4892,5149,13.5,12.2,1884,1956,54505,58804,245,291,7.3,15.1,28.2,36.8,64.5,35.7,0,3635,3974,88.4,89.2,15.5,23.9,1956,549,1407
0600000US4103991719,"McKenzie River CCD, Lane County, Oregon",0.387,0.4851,4427,5209,1848,2172,156,180,214,115,4372,5191,12.2,11.5,2119,2316,44731,58500,133,346,6.8,11.3,46.6,58.1,46.6,25.4,0,3607,4265,94.4,94.7,28.6,27.4,2316,699,1617
0600000US4103991802,"Marcola CCD, Lane County, Oregon",0.435,0.3484,5510,5850,2342,2596,61,172,141,80,5200,5817,9.3,6,2026,2028,60000,88915,418,538,25.8,3.9,43.5,37.5,27.8,53.3,2.9,3872,4289,94,96.4,24.8,27.8,2028,642,1386
0600000US4103991889,"Middle Siuslaw River-Triangle Lake CCD, Lane County, Oregon",0.442,0.4423,1953,2009,729,711,59,53,88,74,1918,2009,25.1,15.3,864,920,31053,40400,89,64,33.7,20.3,37.1,54.7,29.2,25,0,1541,1620,87.7,90.4,16.4,17.5,920,277,643
0600000US4103992346,"Oakridge CCD, Lane County, Oregon",0.442,0.3747,4418,4566,1468,1396,127,282,165,187,4471,4566,17.7,31.1,2007,1928,43420,35539,127,382,18.9,47.4,52,47.9,19.7,4.7,9.4,3451,3425,80.1,80.1,16.3,16.5,1928,553,1375
0600000US4103992482,"Pleasant Hill CCD, Lane County, Oregon",0.489,0.4178,5242,5884,2409,2276,143,31,150,296,5633,5830,12.9,10.6,2291,2126,51835,59833,327,588,24.2,19,19.9,8.3,37.6,69,18.3,4226,3870,90.2,93.6,21,23.8,2126,746,1380
0600000US4103993300,"Upper Siuslaw River CCD, Lane County, Oregon",0.388,0.3583,1865,1658,720,720,61,44,78,45,1563,1604,17.6,10.8,686,621,44115,79152,61,154,0,26.6,44.3,40.3,55.7,33.1,0,1181,1224,92.3,94.4,23.6,26.2,621,154,467
0600000US4104190884,"Depoe Bay CCD, Lincoln County, Oregon",0.459,0.4592,4089,4599,1824,1670,2,0,392,355,4163,4570,13.5,9.8,2079,2308,42450,48269,200,103,62.5,6.8,22.5,7.8,15,85.4,0,3517,4073,88.6,94.9,33.3,30.5,2308,959,1349
0600000US4104191020,"Eddyville CCD, Lincoln County, Oregon",0.427,0.5712,1198,854,272,233,87,14,0,9,883,854,21.4,18.3,384,355,51591,34861,17,84,100,0,0,14.3,0,85.7,0,679,655,84.7,90.8,14.6,17.1,355,86,269
0600000US4104191674,"Lincoln City CCD, Lincoln County, Oregon",0.458,0.4419,12327,12499,5953,5043,91,61,1208,1321,12491,12371,17.1,19.8,5932,5608,36275,39505,888,787,27.3,14.9,33.3,54.5,31.4,27.8,8,9336,9417,89.5,90.4,19.9,24.7,5608,1424,4184
0600000US4104192133,"Newport CCD, Lincoln County, Oregon",0.443,0.4349,12226,13314,5449,5473,182,241,789,1098,12046,13049,16.1,15.5,5694,5784,49430,50483,750,900,19.7,19.2,38.7,44.4,39.9,32.3,1.7,9439,10062,88.7,90.3,31.2,28.4,5784,1516,4268
0600000US4104192907,"Siletz CCD, Lincoln County, Oregon",0.391,0.4537,3204,2920,1280,1090,141,155,130,159,3248,2896,14.7,16.7,1216,1116,52292,49316,192,124,19.3,37.1,65.1,55.6,15.6,7.3,0,2192,2027,89.6,91.5,16.3,14.5,1116,259,857
0600000US4104193230,"Toledo CCD, Lincoln County, Oregon",0.405,0.4427,5688,5944,2376,2447,133,198,324,389,5298,5898,15.6,14,2097,2262,43229,60136,445,422,22,17.5,44.3,56.4,32.8,26.1,0.9,3705,4230,87.6,91.3,13.2,19.8,2262,565,1697
0600000US4104193349,"Waldport CCD, Lincoln County, Oregon",0.458,0.4214,7125,8417,2733,3055,191,140,405,598,7324,8255,15.4,17.1,3637,3865,38425,48021,456,446,20,5.8,53.9,22.2,24.3,54.5,1.8,6136,7007,91.7,92.6,24.2,23.8,3865,1202,2663
0600000US4104390068,"Albany CCD, Linn County, Oregon",0.393,0.4087,51087,56389,22539,26851,1072,746,2072,2180,52167,55287,19,12.2,20401,22049,45407,59594,4736,5234,20.5,14.7,34.3,37.2,41.3,41.3,3.9,34892,38637,89,90.8,17.5,23.8,22049,5063,16986
0600000US4104390374,"Brownsville CCD, Linn County, Oregon",0.399,0.4775,4871,4626,1813,2187,297,174,110,89,4394,4615,11.8,10.6,1536,1719,57308,66079,205,322,21,24.2,28.8,39.8,36.6,36,13.7,3101,3328,92.3,90.4,17.1,22.4,1719,393,1326
0600000US4104390986,"East Linn CCD, Linn County, Oregon",0.332,0.4767,2247,2508,894,958,96,50,34,74,2194,2508,13.9,10.8,852,901,50909,63935,126,156,14.3,9,57.1,42.3,28.6,48.7,0,1552,1878,88.9,89,15.1,16.3,901,256,645
0600000US4104391292,"Harrisburg CCD, Linn County, Oregon",0.421,0.4119,6447,7965,3484,3419,329,390,164,183,6871,7965,12.4,17.4,2408,2655,56301,54031,670,679,2.2,18.1,36,51.8,60.4,29.3,1.3,4505,4995,89.1,84.8,18.3,19.5,2655,459,2196
0600000US4104391666,"Lebanon CCD, Linn County, Oregon",0.403,0.4276,24615,26538,10246,11376,353,515,781,649,24595,26303,15.3,14.5,9505,10287,46824,51441,1932,1821,20.6,11.9,29,35.7,42.5,44.4,7.9,17144,19020,89.2,90.3,14.4,17,10287,2206,8081
0600000US4104391904,"Mill City CCD, Linn County, Oregon",0.379,0.3892,6377,6643,2765,2685,166,134,144,142,6681,6586,11.1,11.7,2394,2417,59213,58275,847,336,25.1,30.1,22,22.3,52.5,47,0.4,4424,4863,86.2,88,17.1,13.3,2417,673,1744
0600000US4104392822,"Scio-Lacomb CCD, Linn County, Oregon",0.428,0.3752,5905,5766,2661,2506,156,294,134,107,5596,5749,10.4,9.2,2210,2188,49907,62500,370,317,8.6,21.1,30.5,23.3,54.1,53.3,6.8,4010,4058,90.9,93.7,13.4,19.5,2188,608,1580
0600000US4104393162,"Sweet Home CCD, Linn County, Oregon",0.436,0.4392,12766,14613,4616,4892,196,377,275,457,12993,14402,19.7,16.5,5260,5546,39402,47661,836,923,12.9,44.7,48.7,17,38.4,35.5,0,9225,10071,85.3,83.9,13.7,8.6,5546,1670,3876
0600000US4104590017,"Adrian CCD, Malheur County, Oregon",0.429,0.415,902,941,380,373,93,73,29,12,855,941,6.7,18,338,386,44167,46912,52,58,21.2,13.8,48.1,39.7,19.2,43.1,11.5,636,655,89.5,87.2,23.3,20.6,386,81,305
0600000US4104590340,"Brogan CCD, Malheur County, Oregon",0.409,0.4648,4481,3831,282,267,69,135,16,30,1263,666,53.7,20.3,289,284,42589,49643,336,301,33,34.9,44.3,34.2,22.6,29.2,0,2665,3347,79.7,79.2,6.8,7.1,284,52,232
0600000US4104590833,"Dead Ox Flat CCD, Malheur County, Oregon",0.394,0.4643,1175,1320,629,583,79,70,38,58,1257,1286,10,10,444,441,53235,58173,143,148,21.7,21.6,26.6,24.3,49.7,54.1,2.1,813,836,87.3,82.4,20.8,19.4,441,120,321
0600000US4104591479,"Jordan Valley CCD, Malheur County, Oregon",0.416,0.4471,771,541,357,247,182,97,33,16,753,541,18.7,21.6,277,212,36797,48864,33,14,12.1,35.7,48.5,21.4,39.4,42.9,0,510,379,89.6,94.2,14.3,17.4,212,24,188
0600000US4104591530,"Juntura CCD, Malheur County, Oregon",0.3,0.4041,303,89,112,43,84,24,0,1,258,89,5.4,27,90,42,56250,-,20,4,50,25,0,25,50,50,0,161,68,96.3,86.8,11.8,5.9,42,8,34
0600000US4104591768,"Malheur Junction CCD, Malheur County, Oregon",0.293,0.3893,988,723,434,390,48,62,37,38,920,723,2.5,2.1,306,287,63917,44243,72,50,33.3,44,16.7,38,50,18,0,600,548,83.3,83.2,19.3,14.8,287,62,225
0600000US4104592329,"Nyssa CCD, Malheur County, Oregon",0.399,0.3685,4334,3970,1692,1543,219,233,83,122,4464,3936,17.5,19.5,1458,1417,42067,44173,328,382,29,23.8,40.9,39.3,30.2,31.9,0,2704,2191,72.2,69.6,6.3,12.1,1417,227,1190
0600000US4104592397,"Ontario CCD, Malheur County, Oregon",0.446,0.4581,13750,14167,5264,5579,362,371,486,533,13583,13771,31.5,26.3,5232,5240,31410,38864,1638,1627,22.8,25,31.4,36.3,43.8,37.1,2,9043,8553,77.7,81.9,15.9,14.9,5240,929,4311
0600000US4104592414,"Owyhee CCD, Malheur County, Oregon",0.368,0.4867,751,634,341,213,108,91,15,6,669,634,4.5,13.7,242,242,45500,42283,80,14,5,14.3,26.3,21.4,68.8,64.3,0,434,407,91.5,87,21.4,10.6,242,39,203
0600000US4104593315,"Vale CCD, Malheur County, Oregon",0.365,0.4125,3607,3997,1508,1625,359,227,31,118,3741,3865,21,19.3,1360,1447,36462,41382,264,333,23.9,42.9,37.5,20.1,36.7,34.2,1.9,2442,2630,84.8,85,13.7,15.7,1447,251,1196
0600000US4104593442,"West Bench CCD, Malheur County, Oregon",0.365,0.2509,264,199,88,102,77,16,0,9,228,199,37.7,0,98,64,20278,90556,65,0,46.2,-,0,-,53.8,-,0,121,151,81,83.4,9.1,17.9,64,8,56
0600000US4104790994,"East Marion CCD, Marion County, Oregon",0.432,0.4213,2549,2289,947,934,75,40,63,58,2333,2284,14.1,10.3,958,1027,49091,53715,154,70,48.1,44.3,29.2,42.9,22.7,12.9,0,1754,1960,86.7,94.1,15.6,20.9,1027,318,709
0600000US4104791360,"Hubbard CCD, Marion County, Oregon",0.354,0.4087,8978,10677,4410,4919,398,226,130,235,9764,10638,11.8,7.3,3317,3744,55216,67270,662,465,34.9,21.5,45.9,31.8,15.6,39.8,3.6,6319,7519,84.5,86.6,16.3,22.5,3744,855,2889
0600000US4104791428,"Jefferson CCD, Marion County, Oregon",0.438,0.3923,11597,13626,5273,5924,484,428,223,394,12046,13485,14.3,10.7,4113,4545,52331,64733,954,1023,14.8,19.1,40.9,49.8,41.9,29.3,2.4,7923,9084,88.5,88.4,13.3,19.7,4545,1014,3531
0600000US4104792006,"Mount Angel CCD, Marion County, Oregon",0.406,0.4395,5238,4974,2105,2181,450,513,197,125,5102,4826,15.7,13.6,1720,1783,40861,47201,564,366,25.7,4.4,27.1,37.4,41.3,48.9,5.9,3383,3593,79.2,83.6,17.3,26,1783,431,1352
0600000US4104792720,"St. Paul CCD, Marion County, Oregon",0.47,0.3548,1401,1525,615,732,188,240,8,23,1478,1525,12.9,11.2,493,481,63661,91648,99,164,35.4,7.3,24.2,42.7,27.3,34.8,13.1,1021,1031,80.1,90.6,21.5,31.7,481,121,360
0600000US4104792737,"Salem CCD, Marion County, Oregon",0.426,0.4303,221358,242184,94311,111281,3660,4837,7916,9859,216201,233935,18.8,15.3,82360,85408,45737,58380,22544,24348,18.2,15.2,32.1,33.9,43.5,45.2,6.2,143230,159974,84.5,85.9,22.4,24.7,85408,19327,66081
0600000US4104792941,"Silverton CCD, Marion County, Oregon",0.39,0.4221,15223,16986,6668,7134,522,263,568,485,15293,16917,13.1,6,5641,5952,55692,71778,1163,1598,19.3,32.9,42.3,31.7,34.8,32.9,3.6,10051,10974,89.3,91.6,25.9,31.1,5952,1755,4197
0600000US4104793128,"Stayton CCD, Marion County, Oregon",0.448,0.4351,14304,15106,5939,6688,491,306,459,421,14538,14934,11.3,9,5389,5435,49161,64618,1033,720,13,24.6,49.6,49.9,36.3,20.3,1.2,9994,10377,87.6,88.3,18.4,15.7,5435,1284,4151
0600000US4104793570,"Woodburn CCD, Marion County, Oregon",0.382,0.3956,29246,32274,12230,13934,1795,1305,760,1290,29589,31519,22.7,17.2,9236,9663,42835,53742,3628,2815,34.8,18,42.4,36.3,20.6,38.7,2.2,17812,19316,63.7,71.3,12.4,15.4,9663,2067,7596
0600000US4104990323,"Boardman CCD, Morrow County, Oregon",0.373,0.3895,7560,8377,3408,3612,761,561,182,442,7753,8366,14.1,16.1,2440,2880,50734,56014,751,793,27,22.7,37.8,35.4,32.2,34.7,2.9,4739,5075,72.6,69.5,7.3,6.6,2880,433,2447
0600000US4104991309,"Heppner CCD, Morrow County, Oregon",0.446,0.4087,2352,1916,772,864,77,133,65,114,2114,1897,24.5,8.2,909,832,35949,48571,78,162,2.6,6.8,67.9,9.9,19.2,77.2,10.3,1493,1382,88.8,91.8,14.1,11.9,832,171,661
0600000US4104991411,"Ione-Lexington CCD, Morrow County, Oregon",0.417,0.425,1200,1010,528,447,143,169,10,32,1250,1010,9.3,12.7,442,396,61250,52685,61,61,23,52.5,23,24.6,45.9,19.7,8.2,851,717,91.5,89.1,27.3,20.2,396,83,313
0600000US4105190663,"Corbett CCD, Multnomah County, Oregon",0.347,0.3976,3944,4069,1818,1855,98,20,105,126,4216,4019,13.4,8.3,1471,1466,65938,80909,378,343,9.8,23.9,46.8,44.6,38.4,31.5,5,2899,2801,94,93.4,24.2,36.6,1466,402,1064
0600000US4105191249,"Gresham CCD, Multnomah County, Oregon",0.398,0.416,134765,147750,64005,72492,1412,1610,6485,7474,138895,146236,17.9,14.8,50505,52665,49945,58223,14578,12483,19,17.1,36,39.3,41.6,37.1,3.4,89600,99096,85,86.1,19.1,22.2,52665,10011,42654
0600000US4105192518,"Portland East CCD, Multnomah County, Oregon",0.44,0.4465,451499,509190,237888,285370,1416,1906,27379,33739,455686,500393,17.9,14.1,188367,201284,49540,68604,41790,38618,15.3,10.8,24.8,28,48.1,45.4,11.8,327905,374868,88.5,91.1,37.7,45.6,201284,29172,172112
0600000US4105192520,"Portland West CCD, Multnomah County, Oregon",0.545,0.5238,118941,141030,68588,79445,426,362,6637,6154,121404,136990,13.4,11.8,62121,69744,61578,82038,13482,12693,5.3,4.1,14.7,13.9,57.3,58.2,22.7,93347,108474,96.8,97.4,63.8,68.5,69744,10659,59085
0600000US4105192975,"Skyline CCD, Multnomah County, Oregon",0.435,0.4513,2887,2567,1666,1233,37,96,99,81,2725,2556,3.4,8.1,1190,1070,78894,95000,135,98,18.5,7.1,25.2,34.7,34.8,36.7,21.5,2172,2051,97,95.9,45.7,44.4,1070,260,810
0600000US4105390799,"Dallas CCD, Polk County, Oregon",0.378,0.4044,19756,21983,7913,9129,450,265,566,935,19486,21508,12.9,11.3,7442,8190,51727,62312,1299,1935,18.2,12.2,41.5,29.4,34.6,49.9,5.8,13482,15197,90.8,93.3,21.1,26.1,8190,2511,5679
0600000US4105391122,"Falls City CCD, Polk County, Oregon",0.367,0.4065,3097,3371,1177,1508,69,63,96,54,2948,3364,18.5,16.9,1064,1223,44500,69911,295,221,21.7,15.8,25.4,38.9,51.9,43,1,1981,2539,89.8,90.2,19.3,21.6,1223,259,964
0600000US4105391972,"Monmouth-Independence CCD, Polk County, Oregon",0.425,0.417,19888,22197,8407,10214,465,552,521,1127,19227,21069,23.4,17.6,7039,7293,39574,50983,5233,5122,8.6,6,19.5,19.5,63.6,65.9,8.4,10328,11720,84.2,86.8,25.4,29.1,7293,1270,6023
0600000US4105392754,"Salem CCD, Polk County, Oregon",0.402,0.4382,27958,32250,13131,15333,684,896,823,1186,29179,32043,9.4,9,11189,12410,66244,70160,2188,3217,17.8,17.2,31.7,32.2,47.9,31.7,2.6,20176,21775,92.4,91.5,37.8,38.4,12410,3306,9104
0600000US4105393502,"Willamina CCD, Polk County, Oregon",0.447,0.3869,3046,3236,1164,1216,82,135,300,104,2921,3205,16.9,21.7,1239,1189,33189,52625,203,154,4.9,20.1,69.5,37,25.6,42.2,0,2062,2222,87.3,91.2,10.7,12.3,1189,214,975
0600000US4105591989,"Moro CCD, Sherman County, Oregon",0.419,0.4146,714,852,337,407,76,98,30,39,755,847,21.1,11.8,336,373,39605,50156,67,99,10.4,25.3,49.3,6.1,37.3,63.6,3,558,582,91.4,93.6,22.8,22,373,69,304
0600000US4105593434,"Wasco CCD, Sherman County, Oregon",0.363,0.473,1105,790,459,308,66,43,63,10,1091,790,23.3,15.2,452,375,47656,51438,85,15,34.1,46.7,18.8,53.3,30.6,0,16.5,762,669,89.4,85.5,9.1,13.2,375,111,264
0600000US4105790238,"Bay City CCD, Tillamook County, Oregon",0.42,0.4466,4981,5248,1787,2181,93,76,191,268,4609,5211,12.7,16.1,2118,2157,43368,49917,351,315,41,14,36.5,32.1,21.9,54,0.6,4078,4125,89.3,91.3,16.6,19.3,2157,560,1597
0600000US4105790255,"Beaver CCD, Tillamook County, Oregon",0.423,0.3802,2354,2279,1270,892,120,119,188,123,2405,2277,8.9,9.9,1005,961,57176,41967,151,218,3.3,4.1,48.3,56.4,48.3,39.4,0,1756,1701,91.1,89.7,25.1,18.1,961,238,723
0600000US4105792091,"Nehalem CCD, Tillamook County, Oregon",0.431,0.4324,3244,3306,1379,1225,206,45,215,242,3379,3220,23.6,7.2,1525,1604,36541,53442,189,96,9.5,5.2,15.3,58.3,75.1,36.5,0,2568,2707,86.5,94.3,23.2,30.3,1604,549,1055
0600000US4105792108,"Neskowin CCD, Tillamook County, Oregon",0.458,0.4342,2564,2451,773,789,65,133,196,125,2364,2451,20.2,17.9,988,1056,40218,47772,199,95,0,49.5,53.3,0,46.7,0,0,1700,1902,95.2,91,28.8,25,1056,363,693
0600000US4105793213,"Tillamook CCD, Tillamook County, Oregon",0.442,0.4145,12057,13105,5565,5220,552,581,423,444,11636,12517,18.2,13,5207,5006,41301,50223,622,893,16.4,21.2,38.3,24.7,34.7,39.8,10.6,8606,9304,86.9,87.1,18.5,20.5,5006,1476,3530
0600000US4105990170,"Athena CCD, Umatilla County, Oregon",0.367,0.3998,1800,2090,887,902,162,94,53,68,1815,2071,6.6,11.7,718,807,54348,64148,79,177,24.1,29.9,29.1,43.5,38,26.6,8.9,1262,1465,86.5,93.4,21.1,25.1,807,207,600
0600000US4105991334,"Hermiston-Umatilla CCD, Umatilla County, Oregon",0.412,0.4199,35544,38181,16031,16089,2117,1996,1055,803,34468,35764,16.9,19,12350,12794,49880,54098,3931,3486,26.5,24.1,35.3,34.4,36.1,36.5,2,22443,24412,80.5,77.1,12.1,15.6,12794,2251,10543
0600000US4105991929,"Milton-Freewater CCD, Umatilla County, Oregon",0.408,0.469,11052,11065,4643,4520,557,406,408,375,11040,10986,19.8,19.9,4067,3961,38503,53788,739,967,25.7,6.5,37.5,43.6,36.8,46.3,0,7456,6807,71.3,81.1,12.6,15.8,3961,644,3317
0600000US4105992448,"Pendleton CCD, Umatilla County, Oregon",0.401,0.4293,19533,18494,8418,7732,286,135,1195,904,17797,16436,12.4,16.4,7054,6656,51005,52830,1881,1653,21.9,25.8,28.5,38.9,43.8,31.2,5.7,12753,12945,88.2,89.1,20.6,20.1,6656,1302,5354
0600000US4105992465,"Pilot Rock CCD, Umatilla County, Oregon",0.363,0.4537,2310,2337,916,985,60,68,112,108,2278,2204,12.7,13,881,908,50844,57566,181,297,16.6,16.5,31.5,52.5,46.4,31,5.5,1528,1594,93.3,91.6,15.1,20,908,252,656
0600000US4105993264,"Umapine CCD, Umatilla County, Oregon",0.443,0.3786,728,999,267,425,19,56,23,12,745,993,1.1,18.1,293,362,59175,88906,70,42,0,28.6,31.4,71.4,58.6,0,10,510,679,89.2,88.7,0,18.6,362,87,275
0600000US4105993270,"Umatilla Reservation CCD, Umatilla County, Oregon",0.421,0.4332,2748,2836,1183,1256,74,110,163,217,2881,2811,17.1,16.6,1044,1033,52500,57102,168,238,35.7,21.8,35.1,29,26.8,47.9,2.4,1967,1950,88.8,90,15.9,15.3,1033,217,816
0600000US4105993451,"Weston CCD, Umatilla County, Oregon",0.378,0.358,1089,1127,385,503,14,37,15,17,931,1111,3.2,5.6,379,387,52150,57279,51,107,49,25.2,25.5,34.6,25.5,40.2,0,697,692,87.2,85.3,15.2,10.7,387,69,318
0600000US4106190714,"Cove CCD, Union County, Oregon",0.449,0.4281,2034,2369,1027,1029,191,121,32,24,2428,2367,8.7,8.7,860,935,48966,59911,148,120,27,17.5,34.5,12.5,16.2,55.8,22.3,1690,1723,82.8,89.1,23.4,30.6,935,336,599
0600000US4106191037,"Elgin CCD, Union County, Oregon",0.444,0.3824,3100,3154,1198,1263,146,92,104,93,3090,3135,14.8,11.4,1216,1362,43707,49781,216,151,11.1,6.6,64.8,47,22.2,39.1,1.9,2194,2353,91.6,92.6,12.5,15.1,1362,368,994
0600000US4106191615,"La Grande CCD, Union County, Oregon",0.465,0.4556,17060,17278,7436,8039,348,286,570,807,16189,16731,20.3,15.6,6941,7020,40405,50192,2236,2461,6.3,10.6,33.1,30.8,48.2,47.1,12.3,10848,10956,90,94.2,23.8,26.9,7020,1515,5505
0600000US4106193111,"Starkey CCD, Union County, Oregon",0.113,0.272,46,118,103,8,0,0,0,0,202,66,0,12.1,56,40,129091,28750,58,10,13.8,0,12.1,0,74.1,100,0,111,66,100,87.9,65.8,0,40,24,16
0600000US4106193281,"Union CCD, Union County, Oregon",0.39,0.3805,3133,3418,1175,1387,145,164,51,120,3225,3380,11.3,11.4,1226,1351,40769,53843,195,256,14.9,33.2,49.2,46.9,33.3,19.9,2.6,2219,2441,87.6,89,15.1,19.3,1351,370,981
0600000US4106391071,"Enterprise CCD, Wallowa County, Oregon",0.419,0.4745,3017,3178,1144,1366,108,136,45,138,2957,3145,14,13.5,1299,1468,42450,50268,154,128,13.6,41.4,49.4,20.3,26,21.1,11,2340,2477,91.3,92.8,22.2,27.8,1468,369,1099
0600000US4106391139,"Flora CCD, Wallowa County, Oregon",0.306,0.3247,128,80,39,11,3,6,0,0,110,80,3.6,8.8,50,39,58750,41750,20,0,0,-,0,-,100,-,0,85,68,88.2,100,31.8,48.5,39,17,22
0600000US4106391394,"Imnaha CCD, Wallowa County, Oregon",0.467,0.4494,360,172,38,92,0,33,14,19,241,172,50.6,13.4,101,96,20750,-,8,22,0,0,100,36.4,0,63.6,0,202,150,96.5,79.3,24.8,8.7,96,39,57
0600000US4106391496,"Joseph CCD, Wallowa County, Oregon",0.413,0.4509,1511,1756,699,873,129,169,57,70,1594,1724,14.3,9.9,769,822,39290,60294,57,45,12.3,26.7,8.8,0,78.9,73.3,0,1216,1392,93.5,95,25.2,29.6,822,175,647
0600000US4106393366,"Wallowa CCD, Wallowa County, Oregon",0.381,0.4005,1903,1818,900,737,181,88,88,48,1974,1782,11.6,17.7,761,789,37476,42917,178,40,22.5,0,27.5,75,47.2,12.5,2.8,1373,1399,92.5,92.9,18.9,21.7,789,207,582
0600000US4106590085,"Antelope CCD, Wasco County, Oregon",0.422,0.2792,295,386,117,196,33,69,50,18,312,386,25.6,29.3,71,94,32083,34038,20,17,100,0,0,100,0,0,0,183,323,87.4,57.3,51.9,13.9,94,2,92
0600000US4106590935,"Dufur CCD, Wasco County, Oregon",0.434,0.4685,3071,3318,1228,1473,208,233,208,110,2661,3268,18,10,1215,1470,44185,52008,129,269,27.9,8.6,31.8,29.4,29.5,49.1,10.9,2134,2537,86.8,94.4,18.9,17.3,1470,430,1040
0600000US4106593196,"The Dalles CCD, Wasco County, Oregon",0.415,0.4033,20558,21765,9442,9887,1379,832,681,846,20750,21345,18.5,11.4,8236,8571,43247,53475,1757,1575,28.4,31.2,36,26.1,33,39.8,2.6,14647,15086,83,85.8,20.7,20.4,8571,2010,6561
0600000US4106593400,"Warm Springs CCD, Wasco County, Oregon",0.399,0.3941,771,661,203,263,21,20,45,86,814,661,40.5,15.1,226,170,45625,50000,90,102,52.2,20.6,41.1,35.3,6.7,44.1,0,448,353,76.6,80.2,13.4,7.1,170,28,142
0600000US4106790289,"Beaverton-Hillsboro CCD, Washington County, Oregon",0.42,0.427,393662,443078,201322,233905,2056,2226,16868,19125,402171,438900,11,9.3,153954,166816,63862,82338,32805,35067,16.2,13.6,30.8,31.9,42.7,40.4,10.3,270984,306366,90.9,92.3,39.7,44.2,166816,27242,139574
0600000US4106790510,"Chehalem Mountains CCD, Washington County, Oregon",0.463,0.4887,5358,5981,2411,2732,172,424,64,148,5206,5935,7.4,9,1982,2042,70577,84130,383,399,26.4,18.3,36.3,22.3,24.3,42.9,13.1,3776,4440,89.8,89.5,28.2,26.4,2042,606,1436
0600000US4106790561,"Coast Range CCD, Washington County, Oregon",0.375,0.359,8438,8963,3820,4350,127,140,226,188,8210,8951,6.3,4.5,3003,2937,70134,91076,493,739,16.2,19.4,40,31.5,36.9,41.7,6.9,5717,6201,93,93.2,25.7,31.1,2937,609,2328
0600000US4106791156,"Forest Grove-Cornelius CCD, Washington County, Oregon",0.413,0.4009,36983,41688,16117,20843,1012,1016,1190,1562,36055,40583,17.2,8.9,12269,13623,50178,65825,3647,5276,17.7,14.7,32.3,30,46.6,48.7,3.3,23053,25976,79.8,83.6,18,23.6,13623,2490,11133
0600000US4106792210,"North Plains CCD, Washington County, Oregon",0.461,0.4993,4547,5870,2281,2972,86,56,94,296,4979,5848,10,6.7,1842,2117,72019,89563,393,544,23.9,14.7,30.3,29.2,41.2,52.6,4.6,3386,4099,92.5,95.7,32.1,42.7,2117,501,1616
0600000US4106792678,"Rockcreek CCD, Washington County, Oregon",0.391,0.4105,67677,83901,35939,44135,304,161,2212,3575,69659,83750,8.3,7.4,27110,31518,75430,89922,6379,6179,11.5,12.6,28.8,25.4,46.7,43.9,13,45442,57303,94.6,95.2,52.3,58.1,31518,4192,27326
0600000US4106991173,"Fossil CCD, Wheeler County, Oregon",0.471,0.3765,596,560,237,180,30,15,31,24,475,560,9.5,16.6,263,260,39844,40625,9,27,44.4,0,0,29.6,0,70.4,55.6,422,446,89.8,91,16.6,14.8,260,89,171
0600000US4106991938,"Mitchell CCD, Wheeler County, Oregon",0.41,0.3873,847,855,333,271,96,80,38,18,784,833,13.5,12.2,363,380,35240,41364,42,52,21.4,23.1,19,28.8,59.5,48.1,0,622,650,85.4,92,13.7,14.9,380,122,258
0600000US4107190459,"Carlton CCD, Yamhill County, Oregon",0.382,0.3883,7497,8607,3409,4238,126,256,172,318,7327,8545,6.1,7.3,2748,2949,60729,78177,502,881,11.2,16.5,52.2,48.4,20.3,26,16.3,5010,5852,88.6,90.5,18.8,24.1,2949,747,2202
0600000US4107190816,"Dayton-Amity CCD, Yamhill County, Oregon",0.44,0.4043,8441,8918,4093,4142,506,422,299,260,9094,8835,14,11.6,2945,2943,59431,69089,571,514,12.6,12.6,36.6,49.4,47.6,33.7,3.2,6070,6185,87.1,88.9,21.3,23,2943,683,2260
0600000US4107191734,"McMinnville CCD, Yamhill County, Oregon",0.454,0.4864,33822,36333,15068,16433,890,1080,1156,1275,32794,34813,18.1,14,12405,13705,44163,55605,3971,4173,11,13.4,31.4,25.5,52,57.2,5.6,21779,24072,86.6,87.1,22.5,26.5,13705,3038,10667
0600000US4107192125,"Newberg CCD, Yamhill County, Oregon",0.406,0.4183,36887,39421,18253,19624,364,1110,1552,1762,35565,37873,12,11.7,12541,13645,61987,74552,4592,4474,9.6,9.3,32.8,25.5,50.7,57.4,6.9,23554,25889,88.6,89.8,26.8,32.3,13645,2901,10744
0600000US4107192890,"Sheridan CCD, Yamhill County, Oregon",0.373,0.4412,10283,11552,3888,4303,358,294,641,761,9023,9706,12.8,11.7,3281,3566,47023,50938,699,705,22,26.2,46.2,44.4,29.8,25.8,2,7698,8531,83.8,90.3,13.1,15.8,3566,761,2805
