"parm","cluster","PC1","PC2","PC3","PC4","PC5","PC6","PC7","PC8","PC9","PC10","PC11","PC12","PC13","PC14","PC15","PC16","PC17","PC18","PC19"
"Civilians_Employed_Over_16_delta","1",-0.333654,-0.118025,-0.316449,0.004554,-0.029243,0.160687,0.172684,0.146794,-0.02263,0.071596,-0.024497,-0.064219,0.199649,NA,NA,NA,NA,NA,NA
"Gini_Index_delta","1",0.203192,-0.06002,-0.113464,-0.445303,0.348709,0.049776,0.11093,-0.0995,-0.227084,0.038217,-0.072621,-0.407676,-0.265626,NA,NA,NA,NA,NA,NA
"Median_Income_Households_delta","1",-0.297034,-0.020152,-0.092574,0.359335,-0.11896,-0.098752,-0.159754,-0.280413,0.432468,0.056481,-0.199969,0.02613,-0.233064,NA,NA,NA,NA,NA,NA
"Number_Employed_NAICS11_Industry_delta","1",-0.036736,-0.379683,0.100569,0.204787,0.241484,0.233382,0.416913,-0.113019,-0.101899,-0.350727,-0.250991,0.139803,-0.184942,NA,NA,NA,NA,NA,NA
"Number_Employed_NAICS71_Industry_delta","1",-0.010855,0.199379,-0.398827,-0.120036,-0.195583,0.12458,0.061715,-0.535345,-0.351768,0.165287,0.262696,0.21954,0.04638,NA,NA,NA,NA,NA,NA
"Number_Households_delta","1",-0.165826,-0.294974,-0.163339,-0.279516,0.23404,-0.171218,-0.187229,0.358083,0.2534,-0.090703,0.493724,0.080004,-0.019787,NA,NA,NA,NA,NA,NA
"pct_bachelors_degree_higher_delta","1",0.261108,-0.139626,-0.139268,-0.131867,-0.215354,0.581112,-0.277713,0.028172,0.168848,-0.309077,0.095533,0.377583,-0.120907,NA,NA,NA,NA,NA,NA
"pct_highschool_graduate_equivalency_delta","1",0.104775,-0.259339,0.095452,-0.233294,-0.537609,-0.239091,0.3735,-0.033766,0.093207,-0.178824,0.022574,-0.11038,-0.059967,NA,NA,NA,NA,NA,NA
"pct_highschool_graduate_or_higher_delta","1",0.150806,0.262677,-0.319398,-0.246505,-0.106916,0.196675,-0.032916,0.266628,0.190937,-0.050901,-0.506062,-0.149631,0.063307,NA,NA,NA,NA,NA,NA
"pct_less_than_highschool_graduate_delta","1",0.190844,0.03411,0.204269,0.400846,0.056933,0.353303,-0.260164,0.180689,-0.232888,0.101985,0.157106,-0.312245,-0.041362,NA,NA,NA,NA,NA,NA
"pct_some_college_associates_degree_delta","1",-0.282358,0.257545,-0.177638,-0.084528,0.413097,-0.097128,-0.118368,-0.058918,-0.023197,-0.24394,-0.242459,0.202464,-0.030736,NA,NA,NA,NA,NA,NA
"Percent_Population_Poverty_Status_Determined_delta","1",0.10808,-0.452709,-0.003566,-0.101803,0.146054,0.09937,-0.00004,-0.008022,0.084818,0.722144,-0.256594,0.288454,0.036677,NA,NA,NA,NA,NA,NA
"Population_18to24years_delta","1",0.061519,-0.363609,-0.123124,0.061856,-0.09492,-0.356743,-0.43281,0.043622,-0.538336,-0.222639,-0.245015,0.156233,0.058099,NA,NA,NA,NA,NA,NA
"Population_25years_older_delta","1",-0.334485,-0.18111,0.172867,-0.127289,0.182093,0.310875,0.027052,-0.292244,0.014651,-0.146992,0.154299,-0.135292,0.230463,NA,NA,NA,NA,NA,NA
"Population_Poverty_Status_Determined_delta","1",-0.36038,-0.224276,-0.030864,-0.06228,-0.269321,0.197319,-0.168213,0.036848,-0.089784,-0.021466,-0.211011,-0.361414,0.177483,NA,NA,NA,NA,NA,NA
"Total_Population_delta","1",-0.417887,0.00114,-0.071269,-0.085328,-0.203657,0.086179,-0.115136,0.121396,-0.186386,0.185144,0.085797,-0.102354,-0.479292,NA,NA,NA,NA,NA,NA
"RetireTotal","1",-0.164468,0.159203,0.416384,-0.251285,-0.073608,0.057618,-0.038588,0.074541,-0.104327,0.034941,-0.100409,0.223557,0.49771,NA,NA,NA,NA,NA,NA
"RetirementIncome","1",0.058657,-0.027155,0.355382,-0.321661,0.005837,-0.054107,-0.416682,-0.418682,0.199553,-0.020997,-0.107391,-0.130623,-0.16861,NA,NA,NA,NA,NA,NA
"NoRetirementIncome","1",-0.223178,0.203848,0.357769,-0.171824,-0.091487,0.091988,0.124682,0.262422,-0.208342,0.050925,-0.077352,0.324292,-0.422422,NA,NA,NA,NA,NA,NA
"Civilians_Employed_Over_16_delta","2",0.328373,0.016506,-0.203946,0.085289,-0.12802,0.103932,-0.022579,0.153625,-0.037945,0.330388,-0.075814,0.037222,-0.549691,0.311932,-0.056128,0.297275,0.185405,-0.385538,0
"Gini_Index_delta","2",0.143744,0.312395,-0.144381,-0.064225,0.447181,-0.320541,-0.137977,0.282519,-0.056269,0.279213,0.282155,0.48839,0.174031,-0.112827,0.027386,-0.002878,0.107166,0.026122,0
"Median_Income_Households_delta","2",-0.039073,-0.362953,-0.303735,0.175085,-0.00818,-0.424161,0.268346,-0.270302,-0.035046,0.334747,0.348601,-0.320644,0.113712,-0.035756,0.227397,0.121518,0.010114,-0.019259,0
"Number_Employed_NAICS11_Industry_delta","2",0.16969,0.125585,0.136121,0.058207,-0.421558,0.27374,0.404962,0.192617,-0.555621,0.161056,0.216011,0.104042,0.118577,-0.224448,0.030644,-0.011609,-0.011371,0.148312,0
"Number_Employed_NAICS71_Industry_delta","2",0.151737,-0.05083,-0.498758,0.019669,0.251687,0.114599,-0.257646,0.139112,-0.493235,-0.316376,0.064908,-0.300222,-0.080938,-0.028106,-0.010926,-0.231971,-0.247088,-0.054671,0
"Number_Households_delta","2",0.276864,0.00183,-0.231595,-0.339328,-0.035949,-0.02988,0.284133,-0.066391,-0.050485,-0.281391,-0.192504,0.124,0.387633,0.520715,0.248306,0.079425,0.203189,0.04921,0
"pct_bachelors_degree_higher_delta","2",-0.011961,-0.381389,-0.121859,-0.194856,-0.38022,-0.131183,-0.511188,0.003374,-0.191943,0.317777,-0.340988,0.169215,0.200514,-0.102365,-0.052266,-0.136886,0.127186,0.086129,0
"pct_highschool_graduate_equivalency_delta","2",-0.143591,0.004797,-0.317093,-0.419055,0.015275,0.454624,0.002522,-0.25059,0.191112,0.104468,0.329954,0.045946,-0.223127,-0.145527,0.061909,-0.203656,0.353043,0.184811,0
"pct_highschool_graduate_or_higher_delta","2",-0.029786,-0.536997,-0.065338,0.259029,-0.138702,0.009543,0.034294,0.160631,0.115282,-0.401661,0.350744,0.511553,-0.082531,0.078143,-0.112826,-0.061087,0.012112,-0.06496,0
"pct_less_than_highschool_graduate_delta","2",0.03623,0.387143,-0.181076,0.387772,-0.294985,-0.35893,-0.007819,-0.151874,0.00249,-0.236903,-0.124086,0.029054,-0.224648,-0.075285,0.090916,-0.338743,0.384977,0.164176,0
"pct_some_college_associates_degree_delta","2",0.09587,-0.348374,0.44838,-0.094846,0.328116,-0.104821,0.089949,0.275755,-0.172335,0.003978,-0.064345,-0.190894,-0.24669,0.035691,0.236758,-0.278094,0.418926,0.123731,0
"Percent_Population_Poverty_Status_Determined_delta","2",0.033653,0.162853,0.258409,-0.440181,-0.353964,-0.344514,-0.28951,0.042439,-0.047145,-0.179747,0.494793,-0.172841,-0.141895,0.188357,0.017033,0.045267,-0.103417,-0.065893,0
"Population_18to24years_delta","2",0.121188,0.004218,0.286567,0.254461,0.19189,0.165265,-0.307294,-0.633307,-0.34334,0.034609,0.151475,0.188541,-0.00411,0.263029,0.063151,0.107936,0.043811,0.120217,0
"Population_25years_older_delta","2",0.336792,-0.077391,-0.006858,-0.130834,0.060423,-0.178559,0.242909,-0.152247,0.069165,0.159928,-0.035045,0.021086,-0.170251,0.173162,-0.601679,-0.293162,-0.256875,0.375164,0
"Population_Poverty_Status_Determined_delta","2",0.332114,-0.029274,0.132937,-0.165149,0.013661,-0.04721,0.130612,-0.330619,0.030236,-0.041053,-0.046177,0.12697,0.053546,-0.329145,0.058612,-0.365047,-0.068964,-0.664534,0
"Total_Population_delta","2",0.337071,-0.115053,-0.029359,-0.174669,0.051697,-0.136136,-0.005578,-0.128155,-0.00442,-0.287896,-0.137914,0.064554,-0.221664,-0.519997,0.052138,0.553702,0.013494,0.262689,0
"RetireTotal","2",0.348021,-0.011332,0.025487,0.138754,-0.073263,0.136298,-0.150877,0.091504,0.275986,0.068432,0.076522,-0.085255,0.085611,-0.001576,0.236188,-0.094466,-0.122034,0.138468,-0.776974
"RetirementIncome","2",0.339655,-0.006518,0.049314,0.174401,-0.008474,0.135688,-0.170796,0.07578,0.167955,-0.074913,0.200071,-0.343172,0.408635,-0.087695,-0.426422,0.096648,0.449833,-0.07275,0.182318
"NoRetirementIncome","2",0.34599,-0.01264,0.017943,0.126149,-0.091907,0.134695,-0.142872,0.095063,0.305056,0.110907,0.038135,-0.006098,-0.01325,0.024501,0.433581,-0.151054,-0.293467,0.200562,0.602555
"Civilians_Employed_Over_16_delta","3",0.332345,-0.084017,0.074552,-0.165422,-0.023357,-0.262963,0.059401,-0.26116,0.213147,0.2729,-0.583414,-0.038391,-0.205668,0.400595,-0.152569,0.001487,0.141718,0.015672,0
"Gini_Index_delta","3",0.028888,0.085166,0.413353,-0.23689,-0.289163,0.360081,-0.006564,-0.386352,-0.08481,0.28326,0.089911,-0.293951,-0.045508,-0.08612,0.443072,0.027649,-0.082541,0.083975,0
"Median_Income_Households_delta","3",0.047432,-0.294203,-0.399101,-0.105597,-0.155515,-0.053805,0.16449,-0.429972,-0.027544,-0.068561,0.364264,-0.193581,-0.244702,-0.111588,-0.211487,0.338618,0.190578,-0.241015,0
"Number_Employed_NAICS11_Industry_delta","3",0.14458,0.153508,-0.259442,-0.423257,-0.233291,0.228505,-0.356424,0.168592,0.114324,0.033954,-0.334341,0.133528,0.080489,-0.465113,-0.105328,0.109398,0.005925,-0.239232,0
"Number_Employed_NAICS71_Industry_delta","3",0.305613,0.064086,0.051565,0.244673,-0.143002,0.04218,-0.362216,-0.210965,0.169555,-0.659309,-0.051057,-0.141593,0.200691,0.225588,0.197418,0.075276,0.043811,-0.134961,0
"Number_Households_delta","3",0.341259,-0.010107,0.185473,-0.034188,-0.034652,0.068201,0.235277,-0.369526,-0.033006,-0.217265,0.092648,0.551193,-0.056255,-0.260512,-0.215511,-0.358029,-0.187525,0.092722,0
"pct_bachelors_degree_higher_delta","3",-0.205409,-0.313403,0.029185,-0.026419,-0.228703,0.255604,-0.494661,-0.006962,-0.313497,-0.033426,0.009414,-0.05402,-0.197229,0.239816,-0.398583,-0.318148,0.029989,0.189361,0
"pct_highschool_graduate_equivalency_delta","3",-0.163349,0.181917,0.394278,0.010056,-0.325218,-0.36227,-0.160495,-0.01645,-0.01488,0.015625,0.104646,0.192961,0.058135,0.011027,-0.317007,0.552999,-0.224601,0.11284,0
"pct_highschool_graduate_or_higher_delta","3",-0.079653,-0.196232,0.287929,-0.443418,-0.013642,0.051765,0.294946,0.3628,-0.069243,-0.500164,-0.103749,-0.00746,-0.382387,0.085637,0.11555,0.125604,0.012606,-0.074326,0
"pct_less_than_highschool_graduate_delta","3",0.1078,0.158027,-0.162613,-0.277286,0.571104,0.343071,-0.094633,-0.161521,-0.125569,-0.05483,0.036254,0.043049,0.058304,0.255822,-0.118229,0.362201,-0.268659,0.270264,0
"pct_some_college_associates_degree_delta","3",0.048709,-0.400902,-0.260223,0.262716,-0.243133,0.065047,0.180613,0.055717,0.014423,-0.059405,-0.327579,-0.118057,0.027018,-0.175826,0.115683,0.174534,-0.475824,0.417396,0
"Percent_Population_Poverty_Status_Determined_delta","3",-0.055915,0.251512,0.095016,0.541024,0.055088,0.427673,0.040123,0.008765,0.061372,0.04661,-0.186182,0.101411,-0.543626,-0.08081,-0.098653,0.219405,0.091208,-0.158488,0
"Population_18to24years_delta","3",0.303134,0.07035,-0.109865,0.044158,0.118908,-0.407103,-0.32564,0.05035,-0.475245,0.065047,0.049895,0.027242,-0.43151,-0.103835,0.325805,-0.022601,-0.235808,-0.090129,0
"Population_25years_older_delta","3",0.307288,0.137129,0.070834,0.111535,-0.125976,0.10353,0.310874,0.127109,-0.663315,-0.00169,-0.166414,-0.205646,0.332541,0.027227,-0.242829,0.081451,0.148373,-0.144951,0
"Population_Poverty_Status_Determined_delta","3",0.383288,0.137543,-0.03725,-0.012039,-0.110074,-0.003627,-0.038375,0.248222,0.106786,-0.004288,0.233997,-0.038644,-0.139084,-0.114077,0.001458,0.08071,0.487616,0.642736,0
"Total_Population_delta","3",0.340206,0.173236,-0.030667,-0.026129,-0.168435,0.094898,0.09151,0.308681,0.296054,0.115874,0.329351,-0.300605,-0.126346,0.215604,-0.25412,-0.178402,-0.469188,-0.180808,0
"RetireTotal","3",-0.217456,0.396697,-0.212047,-0.075018,-0.141356,-0.093707,0.11657,-0.129953,-0.052873,-0.157922,-0.096864,-0.104568,-0.099493,0.036776,-0.018183,-0.143734,-0.041143,0.134511,-0.765137
"RetirementIncome","3",-0.110768,0.246207,-0.384502,-0.060286,-0.420279,0.093638,0.154362,0.014192,-0.113626,0.029652,0.049439,0.420796,-0.021975,0.450591,0.263487,0.007029,0.011369,0.013732,0.315585
"NoRetirementIncome","3",-0.234179,0.402386,-0.07288,-0.068375,0.043614,-0.180409,0.072124,-0.18515,-0.008189,-0.231976,-0.159859,-0.379181,-0.123285,-0.203236,-0.172953,-0.199911,-0.062484,0.175662,0.561223
"Civilians_Employed_Over_16_delta","4",-0.114272,0.282234,-0.386565,0.119832,-0.145418,0.093301,-0.233336,0.259077,-0.130187,0.189322,-0.36682,0.303639,-0.001053,0.292503,-0.378052,0.013693,0.266834,-0.112517,0
"Gini_Index_delta","4",-0.203684,-0.262713,-0.02842,-0.218608,0.086831,0.37196,-0.053501,-0.201984,0.441123,0.61646,0.045771,0.210092,-0.025387,-0.100392,0.027854,0.123282,0.038814,-0.047899,0
"Median_Income_Households_delta","4",-0.084875,0.02748,-0.466624,-0.100408,0.244241,0.156332,0.364104,-0.430668,-0.156947,-0.147382,-0.490716,-0.099092,0.076084,-0.104687,0.212287,-0.037738,-0.014574,-0.040695,0
"Number_Employed_NAICS11_Industry_delta","4",0.200381,0.185625,-0.152013,0.262453,-0.18548,0.304767,-0.304923,-0.544423,-0.096652,-0.033868,0.283529,-0.217127,-0.244533,-0.17844,-0.294057,-0.009976,-0.010512,-0.020057,0
"Number_Employed_NAICS71_Industry_delta","4",-0.116879,-0.05985,-0.43466,-0.078685,-0.414899,-0.177242,0.369487,0.01769,-0.141614,0.131796,0.518079,0.038767,-0.050718,0.053828,0.210581,-0.090087,0.271144,-0.092009,0
"Number_Households_delta","4",-0.327231,0.225165,0.099295,-0.124395,0.204746,-0.095442,-0.115767,-0.119447,-0.105539,-0.149795,0.063178,0.220797,-0.661509,0.148251,0.256233,0.310443,0.110233,0.13459,0
"pct_bachelors_degree_higher_delta","4",-0.129843,-0.384005,-0.098609,0.105514,0.183524,-0.1716,-0.05812,-0.266148,-0.091963,-0.321239,0.210703,0.56075,0.288549,-0.02434,-0.307487,0.116783,0.000287,0.122292,0
"pct_highschool_graduate_equivalency_delta","4",0.139287,0.366787,0.188081,-0.000298,-0.094868,0.324001,0.015677,0.078426,-0.341913,0.043086,0.088367,0.377768,0.324799,-0.356521,0.320292,0.276287,0.001673,-0.097543,0
"pct_highschool_graduate_or_higher_delta","4",-0.107138,-0.336507,-0.228932,0.16621,0.087181,-0.110263,-0.396915,0.096374,-0.438607,0.295006,0.008104,-0.295486,0.110208,0.06387,0.243033,0.323936,-0.235688,0.078137,0
"pct_less_than_highschool_graduate_delta","4",-0.179636,-0.323384,-0.018641,-0.228132,-0.237893,0.085008,-0.441933,0.123013,-0.015819,-0.33086,-0.167953,-0.005585,-0.096324,-0.402945,0.172725,-0.255861,0.279422,-0.231364,0
"pct_some_college_associates_degree_delta","4",0.150463,0.150236,-0.130617,0.346094,0.425876,-0.464859,-0.068072,0.034583,0.129291,0.250353,0.023834,0.089179,-0.098744,-0.446257,0.082065,-0.145454,0.195918,-0.227088,0
"Percent_Population_Poverty_Status_Determined_delta","4",-0.026344,0.040485,0.354973,-0.06157,-0.408889,-0.464537,-0.074563,-0.501022,-0.116781,0.269608,-0.313869,0.063614,0.12988,0.064729,0.056354,-0.031869,0.116927,0.022231,0
"Population_18to24years_delta","4",-0.211078,0.188774,-0.190191,0.411361,-0.236365,0.003316,-0.16994,-0.009481,0.477779,-0.157142,-0.044393,0.050677,0.196286,0.004778,0.376731,-0.035872,-0.081998,0.428461,0
"Population_25years_older_delta","4",-0.314897,0.234152,0.03806,-0.248576,0.222296,0.038868,-0.105025,0.016299,-0.282903,0.192573,0.157888,-0.049044,0.135471,-0.136485,-0.114572,-0.542322,0.001046,0.481537,0
"Population_Poverty_Status_Determined_delta","4",-0.303944,0.290007,-0.016624,-0.13551,0.143938,-0.07404,-0.234497,-0.157498,0.120027,-0.10395,0.221995,-0.060202,0.28211,0.295439,0.102543,-0.128826,-0.264651,-0.597278,0
"Total_Population_delta","4",-0.275794,0.225542,-0.149355,-0.298229,-0.15799,-0.264419,0.061795,0.100145,0.158775,-0.054916,-0.018123,-0.21834,0.074913,-0.444303,-0.366182,0.456619,-0.169104,0.051634,0
"RetireTotal","4",-0.357273,-0.064826,0.173833,0.321647,-0.058456,0.092405,0.194556,0.034155,-0.095663,0.029679,-0.041429,-0.032164,-0.0693,-0.089477,-0.083122,-0.049028,-0.063533,-0.127495,0.792659
"RetirementIncome","4",-0.34017,-0.011199,0.253819,0.267921,0.155889,0.142861,0.118749,-0.032258,-0.015892,-0.053028,0.05823,-0.350176,0.237969,0.050069,-0.072455,0.20102,0.607038,-0.043073,-0.289615
"NoRetirementIncome","4",-0.344237,-0.089735,0.119818,0.330602,-0.170523,0.059407,0.223353,0.067879,-0.132764,0.072477,-0.092647,0.141516,-0.230856,-0.159232,-0.083699,-0.180957,-0.421573,-0.165122,-0.536484
"Civilians_Employed_Over_16_delta","5",0.224534,0.299609,-0.145258,0.167936,0.195271,0.275555,-0.096383,-0.161548,0.429831,0.063495,-0.306289,-0.134669,0.39281,-0.419803,0.05294,-0.102946,0.032896,-0.123756,0
"Gini_Index_delta","5",0.108746,0.106793,-0.28873,0.253369,-0.320411,-0.293827,0.305521,0.38159,-0.234886,0.247788,-0.160314,0.1074,-0.159174,-0.423687,0.107046,-0.026479,-0.024444,-0.172762,0
"Median_Income_Households_delta","5",-0.036824,0.087853,-0.162694,-0.320014,0.353675,-0.215083,0.553093,0.200675,0.224585,-0.091205,-0.360445,-0.031659,0.058462,0.257931,0.106299,0.177203,0.094237,0.182516,0
"Number_Employed_NAICS11_Industry_delta","5",0.178998,-0.103294,0.000617,-0.473944,0.26072,-0.031958,-0.067716,-0.290789,-0.505239,-0.020788,-0.282229,0.269993,-0.002566,-0.231907,0.085647,-0.314277,0.003587,-0.079837,0
"Number_Employed_NAICS71_Industry_delta","5",0.250353,0.206971,-0.142287,-0.02006,0.157266,0.009939,0.445542,-0.345608,-0.05795,0.27479,0.613834,0.070727,0.117802,0.038606,-0.008858,0.012976,-0.233142,-0.020549,0
"Number_Households_delta","5",0.394331,0.162817,0.120311,0.023822,-0.132748,-0.012484,-0.133152,0.005337,-0.166933,-0.118566,-0.090872,0.323956,0.186878,-0.093555,-0.184284,0.59597,-0.017372,0.423281,0
"pct_bachelors_degree_higher_delta","5",-0.019435,0.070719,0.242767,0.173413,0.266644,0.557943,0.340878,0.130613,-0.196679,-0.335253,0.058664,-0.041879,-0.372316,-0.243779,-0.022027,0.121779,0.121483,-0.074591,0
"pct_highschool_graduate_equivalency_delta","5",0.098583,-0.174475,0.399594,0.359265,0.013673,-0.1596,0.312772,-0.14129,0.039721,0.098272,-0.239516,0.163526,0.12419,0.134931,-0.549654,-0.289097,0.104586,-0.045132,0
"pct_highschool_graduate_or_higher_delta","5",-0.056039,0.085959,0.142059,-0.171153,-0.480063,0.498003,0.237807,0.125945,-0.211936,0.137468,-0.185224,-0.086082,0.3675,0.244361,0.149888,-0.159577,-0.185311,0.08088,0
"pct_less_than_highschool_graduate_delta","5",0.131387,0.247276,0.115059,-0.459316,-0.048675,0.181939,-0.124133,0.315385,0.310322,0.334219,0.067729,0.27002,-0.29115,0.020367,-0.353669,-0.041427,0.063307,-0.213416,0
"pct_some_college_associates_degree_delta","5",-0.099344,0.092075,-0.538505,-0.00592,-0.000337,0.083942,-0.031237,0.217267,-0.118061,-0.487857,0.139,0.150149,0.248038,0.069577,-0.468416,-0.224113,-0.061495,-0.053001,0
"Percent_Population_Poverty_Status_Determined_delta","5",0.108499,-0.130833,0.23289,0.126077,0.482561,-0.039076,-0.178049,0.603986,-0.138259,0.177894,0.178978,0.006537,0.318292,-0.001314,0.123229,-0.139416,-0.207059,0.091873,0
"Population_18to24years_delta","5",0.103257,0.089005,-0.375193,0.36518,0.19524,0.274871,-0.172633,-0.054051,-0.162246,0.320259,-0.186649,0.218761,-0.227122,0.470112,0.110265,-0.048038,0.219607,0.118433,0
"Population_25years_older_delta","5",0.409074,0.120673,0.051338,-0.08804,-0.151641,-0.100066,0.009221,0.109213,-0.047893,-0.122252,0.240211,-0.287693,0.033348,0.02406,0.088505,-0.315954,0.664081,0.233725,0
"Population_Poverty_Status_Determined_delta","5",0.354109,0.245895,0.010583,-0.006259,0.062087,-0.122755,-0.119632,0.00103,-0.226086,-0.049381,-0.201134,-0.609424,-0.209187,0.224399,-0.236222,0.057739,-0.357321,-0.185532,0
"Total_Population_delta","5",0.369113,0.090704,0.152404,0.124108,-0.121682,-0.090271,0.003976,0.033168,0.239556,-0.438466,-0.002409,0.376182,-0.09474,0.258327,0.40935,-0.17098,-0.228584,-0.277324,0
"RetireTotal","5",0.260351,-0.444974,-0.16172,-0.046662,-0.050566,0.141395,0.053365,0.030327,0.136211,0.013218,-0.008386,-0.063653,-0.084886,-0.046725,-0.041017,0.002053,-0.100223,0.088551,0.792311
"RetirementIncome","5",0.243332,-0.463088,-0.118544,-0.064705,-0.016022,0.109572,0.038526,0.048191,-0.058714,0.039648,0.031845,-0.058176,0.249505,0.122121,-0.003597,0.378409,0.269285,-0.568664,-0.257578
"NoRetirementIncome","5",0.259641,-0.421776,-0.176464,-0.036711,-0.064976,0.151525,0.058505,0.021001,0.222472,0.00047,-0.026845,-0.064091,-0.237802,-0.123809,-0.057083,-0.17329,-0.268984,0.391689,-0.55308
"Civilians_Employed_Over_16_delta","6",-0.01328,-0.225587,0.203419,-0.168367,0.077522,-0.537925,0.403522,-0.000108,-0.012801,0.14507,-0.447501,0.056022,-0.019248,-0.267016,0.289415,-0.199913,-0.019581,-0.024934,0
"Gini_Index_delta","6",-0.275913,-0.024931,0.266199,-0.230486,-0.117578,-0.190368,0.341751,0.354736,0.108449,-0.261523,0.393181,-0.43348,-0.170498,0.122939,-0.158457,0.102409,-0.03982,-0.050513,0
"Median_Income_Households_delta","6",0.342017,0.050895,-0.073629,-0.053682,0.375441,-0.182418,-0.217343,0.27378,0.170012,-0.182051,-0.0016,-0.240006,0.213851,0.143987,0.039565,-0.327373,0.529904,0.007199,0
"Number_Employed_NAICS11_Industry_delta","6",-0.018579,-0.283797,-0.266953,0.183067,0.000692,-0.389762,0.152726,-0.549553,-0.110406,-0.034347,0.179298,-0.216274,0.351806,0.266817,-0.179016,0.113303,0.026822,0.065073,0
"Number_Employed_NAICS71_Industry_delta","6",0.032221,-0.115753,0.44437,0.262662,0.196346,0.029161,-0.027529,-0.049394,0.485274,0.492316,0.307251,-0.005292,0.171195,-0.109689,0.107634,0.211738,0.058547,0.054989,0
"Number_Households_delta","6",0.232749,-0.217058,-0.003252,-0.400861,-0.271665,-0.006137,-0.006554,0.119298,-0.302207,-0.008132,0.411576,0.301923,0.311489,-0.271447,0.173195,0.192235,0.241001,0.047016,0
"pct_bachelors_degree_higher_delta","6",0.316416,0.010084,-0.016996,-0.16445,0.450698,-0.194256,-0.213809,0.104805,-0.030401,-0.172024,-0.028201,-0.066318,0.089585,-0.205974,-0.156046,0.376133,-0.567484,-0.029313,0
"pct_highschool_graduate_equivalency_delta","6",-0.036293,-0.127632,-0.124734,-0.115024,0.392351,0.498191,0.481212,-0.15586,0.088485,-0.166544,0.027655,0.016847,0.167899,-0.115033,0.04294,-0.031781,0.047143,-0.460975,0
"pct_highschool_graduate_or_higher_delta","6",0.255602,0.285169,0.016945,-0.18353,0.218827,-0.208183,0.206763,-0.271765,0.098646,-0.010563,0.315743,0.460373,-0.453405,0.279863,-0.012456,-0.053264,0.038496,0.041105,0
"pct_less_than_highschool_graduate_delta","6",0.054206,-0.285359,-0.418997,0.180442,-0.045352,-0.199215,-0.098679,0.321378,-0.008409,0.335448,0.13712,0.035628,-0.288941,0.092655,0.058903,0.067937,-0.019305,-0.56529,0
"pct_some_college_associates_degree_delta","6",-0.028272,0.304534,0.410234,-0.073637,-0.203028,-0.183285,-0.273499,-0.253955,-0.037408,-0.1224,-0.091133,0.025013,0.181603,0.085616,0.001988,0.071352,0.07574,-0.664969,0
"Percent_Population_Poverty_Status_Determined_delta","6",-0.175613,-0.318476,-0.034444,0.269564,-0.082327,-0.13479,-0.167785,-0.020271,0.413201,-0.617433,0.0333,0.359074,-0.089707,-0.209161,0.063004,0.026973,0.043005,0.005453,0
"Population_18to24years_delta","6",-0.02226,-0.124128,0.325376,0.406753,0.30782,0.00212,0.010655,0.008648,-0.590534,-0.09246,0.038993,0.00846,-0.28255,-0.181817,-0.185648,0.12314,0.310394,-0.009812,0
"Population_25years_older_delta","6",0.190425,-0.301478,-0.002198,-0.376318,-0.122634,0.127141,-0.187683,-0.347743,0.208603,0.073238,-0.176868,-0.301203,-0.4237,-0.200895,-0.242167,0.158083,0.263578,-0.001074,0
"Population_Poverty_Status_Determined_delta","6",0.170511,-0.38547,0.260998,-0.019832,0.013618,0.175183,-0.212263,-0.155194,-0.171812,-0.121085,0.186116,-0.186166,-0.141402,0.257041,0.466196,-0.35554,-0.332369,-0.007133,0
"Total_Population_delta","6",0.140523,-0.39867,0.276003,-0.081968,-0.059043,0.107041,0.058436,0.219261,0.03141,0.052818,-0.232632,0.342342,0.162471,0.427724,-0.52455,-0.087642,-0.067149,-0.014361,0
"RetireTotal","6",0.401895,0.066532,0.028916,0.226883,-0.223705,0.048667,0.222468,0.04303,0.048142,-0.109548,-0.085833,-0.090555,-0.022815,0.020037,0.073314,0.135637,-0.006642,-0.010771,-0.789459
"RetirementIncome","6",0.379634,0.105019,0.02033,0.236438,-0.261661,-0.025108,0.145169,-0.043492,0.046634,0.004451,0.212762,-0.082384,0.021195,-0.418344,-0.353502,-0.486776,-0.187589,-0.096403,0.245689
"NoRetirementIncome","6",0.398245,0.047507,0.031705,0.21516,-0.199682,0.079272,0.248829,0.07939,0.047198,-0.155696,-0.2134,-0.091111,-0.041279,0.21085,0.257303,0.402988,0.072614,0.02699,0.562487
"Civilians_Employed_Over_16_delta","7",0.156091,-0.356209,0.000194,-0.116644,0.288204,-0.042836,0.047086,0.145911,-0.071444,0.484516,0.539903,0.195403,-0.309961,0.090857,0.160352,0.131637,-0.028461,-0.094987,0
"Gini_Index_delta","7",-0.108084,-0.339173,0.226385,-0.125387,0.268885,0.215115,0.340986,0.128508,0.044676,-0.144875,-0.36789,-0.333553,-0.156386,0.22638,0.352513,0.116646,0.147772,0.223494,0
"Median_Income_Households_delta","7",-0.018947,-0.10352,-0.499616,0.07225,0.094591,0.146023,0.145766,0.440329,-0.338043,-0.007639,-0.210917,-0.035699,-0.039956,-0.527736,-0.087561,0.15551,0.007387,-0.128776,0
"Number_Employed_NAICS11_Industry_delta","7",-0.097094,-0.17209,0.047542,0.336815,0.152194,-0.136194,0.607816,-0.090883,0.342654,-0.281131,0.26914,0.012193,0.049528,-0.114183,-0.325617,0.009403,-0.104392,-0.155908,0
"Number_Employed_NAICS71_Industry_delta","7",-0.002899,-0.150641,-0.223936,-0.33656,-0.111807,0.386913,-0.132373,-0.121382,0.512126,0.222342,0.062479,-0.454305,0.038859,-0.128258,-0.17467,-0.01496,-0.173534,-0.136406,0
"Number_Households_delta","7",0.18159,-0.349835,0.176578,0.183987,0.216242,-0.070685,-0.058427,-0.020235,0.013967,0.420734,-0.274224,0.060604,0.626972,-0.090411,-0.147516,-0.163608,0.113877,0.07198,0
"pct_bachelors_degree_higher_delta","7",0.000863,-0.13757,-0.040074,-0.365449,0.172077,0.197494,0.099095,-0.688987,-0.283757,-0.1762,0.041353,0.250394,0.086472,-0.292088,0.02443,0.118729,0.045293,0.085259,0
"pct_highschool_graduate_equivalency_delta","7",0.000926,0.158783,0.428386,-0.365904,0.064032,0.048114,0.066691,0.234954,-0.321107,-0.119724,0.259183,-0.298778,0.230993,-0.027859,-0.20945,-0.071613,0.243201,-0.393897,0
"pct_highschool_graduate_or_higher_delta","7",0.028809,0.158135,-0.07644,0.163486,-0.402732,-0.04427,0.479555,-0.279592,-0.342243,0.441153,0.032446,-0.359598,0.036719,0.077172,0.126745,0.019648,-0.053742,0.023306,0
"pct_less_than_highschool_graduate_delta","7",-0.239937,-0.188799,-0.456487,0.076808,0.114632,-0.236862,-0.133377,-0.225299,-0.025826,-0.069054,-0.02224,-0.131308,0.031337,0.300246,0.116292,-0.152686,0.461124,-0.436964,0
"pct_some_college_associates_degree_delta","7",0.314435,0.089868,0.097721,0.087163,-0.218067,0.480182,0.212625,-0.004309,0.165385,0.084151,-0.217212,0.409225,-0.16625,0.06671,0.027984,-0.111452,0.323065,-0.392182,0
"Percent_Population_Poverty_Status_Determined_delta","7",0.187308,0.08209,0.001809,-0.42748,0.078675,-0.51701,0.193578,-0.018366,0.113243,0.07703,-0.422332,0.094903,-0.077433,-0.001463,0.05701,0.018077,-0.348945,-0.355906,0
"Population_18to24years_delta","7",0.060902,-0.345816,-0.23661,-0.200193,-0.331361,0.146916,0.124694,0.205653,-0.178338,-0.252688,0.102377,0.213326,0.351032,0.442741,-0.005601,-0.114878,-0.326853,0.021578,0
"Population_25years_older_delta","7",0.049426,-0.301938,0.286552,0.382994,-0.028659,0.131446,-0.304846,-0.172671,-0.242042,-0.14277,-0.084859,-0.172694,-0.159734,-0.073178,0.129827,-0.015331,-0.442302,-0.420911,0
"Population_Poverty_Status_Determined_delta","7",0.288063,-0.34406,0.053262,-0.047315,-0.285738,-0.209274,-0.101501,-0.066387,-0.117977,-0.064552,-0.136158,-0.106399,-0.333506,0.10778,-0.579721,0.252002,0.244659,0.152276,0
"Total_Population_delta","7",0.285179,-0.250578,0.062519,-0.052722,-0.398359,-0.271395,-0.012087,0.067019,0.182094,-0.211378,0.186901,-0.08339,0.081902,-0.433315,0.477385,-0.120062,0.231082,0.048023,0
"RetireTotal","7",0.441916,0.130198,-0.149503,0.063059,0.225943,0.036093,0.004163,-0.041329,-0.035208,-0.127136,0.054741,-0.160379,-0.000111,0.085545,0.009019,-0.120659,-0.030679,0.066641,0.796173
"RetirementIncome","7",0.420252,0.189643,-0.119505,0.135409,0.136319,0.035161,-0.066195,-0.031742,0.08914,-0.134344,0.072254,-0.115351,0.299458,0.168427,0.143704,0.670579,0.021161,-0.100367,-0.293575
"NoRetirementIncome","7",0.43182,0.090696,-0.158666,0.019757,0.264366,0.034804,0.042995,-0.04458,-0.102445,-0.116773,0.042284,-0.177338,-0.16633,0.035275,-0.066167,-0.553664,-0.057909,0.155976,-0.529077
"Civilians_Employed_Over_16_delta","8",-0.354671,0.060565,-0.031275,-0.233907,-0.118748,0.016876,0.134668,-0.069871,-0.009627,-0.230052,0.193984,-0.423589,0.167152,-0.111837,-0.145562,NA,NA,NA,NA
"Gini_Index_delta","8",0.142571,0.254392,-0.189207,0.035554,0.486065,0.206273,-0.210643,0.190527,-0.524564,-0.321419,0.141299,-0.034099,-0.050029,-0.306971,-0.014077,NA,NA,NA,NA
"Median_Income_Households_delta","8",-0.30151,0.124155,0.00898,0.032765,-0.241937,0.334414,-0.316406,-0.136311,0.063048,-0.307473,-0.336475,-0.182733,0.243788,0.117376,-0.273634,NA,NA,NA,NA
"Number_Employed_NAICS11_Industry_delta","8",0.12957,0.253743,0.069792,0.497843,-0.001883,0.309258,0.331098,-0.328024,0.01773,0.349831,0.24492,-0.17144,0.243165,-0.205081,-0.076707,NA,NA,NA,NA
"Number_Employed_NAICS71_Industry_delta","8",-0.177774,-0.04972,0.22018,-0.07435,0.189938,0.554617,0.033145,0.557839,0.424317,0.055181,0.172366,0.00214,-0.07329,-0.041756,0.040019,NA,NA,NA,NA
"Number_Households_delta","8",-0.342914,0.108804,-0.10774,0.084432,0.266356,-0.023581,-0.088301,-0.11833,-0.224964,0.178779,-0.020145,0.051585,0.090905,0.230417,-0.21734,NA,NA,NA,NA
"pct_bachelors_degree_higher_delta","8",-0.151719,0.099894,-0.367842,0.260799,-0.195778,-0.015416,-0.49858,0.25811,0.01042,0.414591,0.22946,-0.006279,0.060394,0.194343,0.092872,NA,NA,NA,NA
"pct_highschool_graduate_equivalency_delta","8",0.097285,-0.071563,-0.525342,-0.144318,0.003208,0.212474,-0.109083,-0.221126,0.271663,0.033674,-0.121569,0.442091,-0.038073,-0.253249,-0.214301,NA,NA,NA,NA
"pct_highschool_graduate_or_higher_delta","8",-0.213524,-0.041002,-0.290242,0.422536,-0.192987,0.224501,0.280829,0.0229,-0.106427,-0.206911,-0.32281,-0.070157,-0.457604,0.017733,0.331801,NA,NA,NA,NA
"pct_less_than_highschool_graduate_delta","8",-0.101931,0.240977,0.421271,-0.191909,0.108486,0.242122,-0.102832,-0.145315,-0.232328,0.387322,-0.432044,0.177567,-0.181015,0.056418,0.058127,NA,NA,NA,NA
"pct_some_college_associates_degree_delta","8",-0.093007,-0.096965,0.406312,0.429056,-0.273272,-0.168082,-0.177664,0.189428,-0.17973,-0.20383,0.138066,0.326312,-0.091807,-0.099172,-0.256698,NA,NA,NA,NA
"Percent_Population_Poverty_Status_Determined_delta","8",0.19926,0.09062,0.086138,0.392524,0.469095,-0.206036,-0.213687,-0.048775,0.455418,-0.194827,-0.297263,-0.183259,0.073043,0.156966,0.010923,NA,NA,NA,NA
"Population_18to24years_delta","8",-0.258249,0.145114,-0.18609,0.021045,0.14258,-0.255716,0.431398,0.418842,-0.081244,0.082682,-0.286842,0.170914,0.410832,0.079485,-0.000195,NA,NA,NA,NA
"Population_25years_older_delta","8",-0.357846,-0.016452,0.118596,0.003464,0.064629,-0.07065,-0.223969,-0.250197,0.078834,-0.102174,0.091615,0.197037,0.314949,-0.320965,0.633837,NA,NA,NA,NA
"Population_Poverty_Status_Determined_delta","8",-0.348371,0.118946,0.039719,0.118328,0.151869,-0.136467,0.171577,-0.101641,0.225763,-0.068055,0.090852,0.345092,-0.170867,-0.259779,-0.281619,NA,NA,NA,NA
"Total_Population_delta","8",-0.343759,0.083983,-0.048773,-0.081939,0.241321,-0.213433,-0.026429,-0.18322,0.098092,0.091056,0.253433,-0.205024,-0.501224,0.155802,-0.013899,NA,NA,NA,NA
"RetireTotal","8",-0.101813,-0.500216,-0.000698,0.080619,0.153881,0.015952,-0.04104,-0.008693,-0.100214,0.158987,-0.110611,-0.144354,0.039625,-0.163673,-0.342699,NA,NA,NA,NA
"RetirementIncome","8",-0.054528,-0.45985,0.004095,0.080292,0.241082,0.277899,0.124147,-0.21646,-0.143733,-0.164776,0.230436,0.25228,0.162371,0.526398,0.091612,NA,NA,NA,NA
"NoRetirementIncome","8",-0.112039,-0.490747,-0.002159,0.07717,0.119979,-0.066234,-0.090618,0.05632,-0.082264,0.2527,-0.21183,-0.26138,-0.000302,-0.371128,0.088845,NA,NA,NA,NA
"Civilians_Employed_Over_16_delta","9",-0.306784,-0.013773,0.048492,0.005418,-0.076711,0.0917,-0.014801,0.046924,0.062804,0.760962,NA,NA,NA,NA,NA,NA,NA,NA,NA
"Gini_Index_delta","9",0.087897,0.135826,0.446216,0.032113,-0.548843,0.301374,-0.111053,-0.423789,-0.107742,-0.055653,NA,NA,NA,NA,NA,NA,NA,NA,NA
"Median_Income_Households_delta","9",-0.179403,-0.422275,-0.23784,-0.081939,0.080662,-0.177513,0.095366,-0.144481,0.20007,-0.098078,NA,NA,NA,NA,NA,NA,NA,NA,NA
"Number_Employed_NAICS11_Industry_delta","9",-0.076934,0.314876,-0.364324,0.090073,-0.521449,-0.130442,-0.05991,0.295184,-0.225036,-0.222328,NA,NA,NA,NA,NA,NA,NA,NA,NA
"Number_Employed_NAICS71_Industry_delta","9",-0.259499,0.145845,0.194849,-0.040558,-0.120173,-0.247923,-0.530219,0.088748,0.534665,-0.115181,NA,NA,NA,NA,NA,NA,NA,NA,NA
"Number_Households_delta","9",-0.26281,-0.283859,0.05627,0.111636,0.08278,0.13388,0.046843,0.040635,-0.346003,-0.268723,NA,NA,NA,NA,NA,NA,NA,NA,NA
"pct_bachelors_degree_higher_delta","9",-0.154976,-0.375828,0.150649,-0.325615,-0.219198,-0.445296,-0.02798,-0.225106,-0.034862,-0.070332,NA,NA,NA,NA,NA,NA,NA,NA,NA
"pct_highschool_graduate_equivalency_delta","9",-0.140089,0.422842,0.01459,0.071837,0.445312,-0.055091,-0.26311,-0.212378,0.049259,-0.072307,NA,NA,NA,NA,NA,NA,NA,NA,NA
"pct_highschool_graduate_or_higher_delta","9",-0.256446,0.193452,0.145884,-0.10566,-0.14155,0.011827,0.512443,0.47231,0.283436,-0.031449,NA,NA,NA,NA,NA,NA,NA,NA,NA
"pct_less_than_highschool_graduate_delta","9",0.228501,-0.215112,0.262598,0.206347,-0.082037,-0.421957,-0.205683,0.36714,-0.207199,0.136389,NA,NA,NA,NA,NA,NA,NA,NA,NA
"pct_some_college_associates_degree_delta","9",-0.00991,-0.119097,-0.631484,-0.101064,-0.20273,0.190641,-0.369947,-0.004345,0.033564,0.110485,NA,NA,NA,NA,NA,NA,NA,NA,NA
"Percent_Population_Poverty_Status_Determined_delta","9",0.186778,-0.353373,0.163745,0.263312,0.06751,0.400025,-0.311775,0.389937,0.160045,-0.051158,NA,NA,NA,NA,NA,NA,NA,NA,NA
"Population_18to24years_delta","9",0.065218,-0.080417,-0.148859,0.755775,-0.155836,-0.157549,0.251538,-0.291018,0.367155,0.004545,NA,NA,NA,NA,NA,NA,NA,NA,NA
"Population_25years_older_delta","9",-0.302649,-0.091215,0.027282,-0.00723,-0.08123,0.150032,-0.028557,-0.038464,-0.010828,0.170398,NA,NA,NA,NA,NA,NA,NA,NA,NA
"Population_Poverty_Status_Determined_delta","9",-0.294813,-0.140405,0.030313,0.065019,-0.127638,0.13141,-0.003473,0.013939,0.098267,-0.187343,NA,NA,NA,NA,NA,NA,NA,NA,NA
"Total_Population_delta","9",-0.297899,-0.120225,0.030318,0.044367,-0.038715,0.242672,0.024601,-0.061033,-0.065937,0.013246,NA,NA,NA,NA,NA,NA,NA,NA,NA
"RetireTotal","9",-0.300386,0.028325,0.043832,0.1568,0.104081,0.015226,-0.068286,0.042966,-0.123503,-0.315794,NA,NA,NA,NA,NA,NA,NA,NA,NA
"RetirementIncome","9",-0.272308,0.096192,-0.003846,0.328897,0.044599,-0.262649,-0.095863,-0.014704,-0.406637,0.241191,NA,NA,NA,NA,NA,NA,NA,NA,NA
"NoRetirementIncome","9",-0.301911,0.015706,0.051942,0.123796,0.113614,0.065338,-0.062487,0.052895,-0.070797,-0.080582,NA,NA,NA,NA,NA,NA,NA,NA,NA
"Civilians_Employed_Over_16_delta","10",-0.332619,0.171791,0.068266,0.036202,-0.060449,0.149852,-0.196301,0.211593,-0.23258,0.375165,-0.364969,-0.164779,-0.441924,-0.135623,-0.132863,0.386025,-0.088475,-0.032906,0
"Gini_Index_delta","10",-0.011832,-0.197563,-0.085026,-0.394618,-0.249154,-0.500333,0.21081,-0.208776,0.064713,0.33457,-0.355276,0.235758,-0.1639,-0.114342,0.012662,-0.217159,0.056713,0.095063,0
"Median_Income_Households_delta","10",0.172205,0.25233,0.078404,0.089364,-0.435721,0.275777,-0.260346,-0.220774,0.209533,0.416747,0.166622,0.315951,0.010496,0.264609,0.30132,0.048156,-0.019379,0.036458,0
"Number_Employed_NAICS11_Industry_delta","10",-0.026095,0.298579,-0.393492,0.1158,0.182707,0.080332,-0.204345,0.083505,0.607551,-0.140111,-0.349333,-0.024757,-0.195293,-0.025833,-0.019577,-0.318835,0.032781,0.006548,0
"Number_Employed_NAICS71_Industry_delta","10",-0.145503,0.42925,0.132339,-0.175136,0.077437,0.184157,-0.166375,-0.13081,-0.456379,-0.047343,-0.273341,0.196434,0.365839,-0.058349,-0.122364,-0.414623,0.102863,0.056134,0
"Number_Households_delta","10",-0.357912,0.18529,0.033659,-0.050912,0.064805,-0.166088,0.190499,0.002945,0.302875,0.024996,-0.130012,0.159082,0.499599,0.100888,-0.059601,0.350835,-0.492233,-0.049808,0
"pct_bachelors_degree_higher_delta","10",-0.069139,0.194883,0.150399,-0.209561,-0.26437,0.428214,0.545649,-0.344562,0.157024,-0.236391,-0.052309,-0.269093,-0.158074,-0.192002,0.040433,0.036073,0.016286,0.015895,0
"pct_highschool_graduate_equivalency_delta","10",0.156632,0.125172,0.470019,-0.044941,0.302012,-0.241337,-0.224676,-0.182655,0.100081,-0.164723,-0.154203,-0.104702,-0.083279,-0.078613,0.359723,0.203527,0.013795,0.497538,0
"pct_highschool_graduate_or_higher_delta","10",0.075644,-0.098109,0.331821,-0.428855,-0.083169,0.085894,-0.280911,0.268421,0.349668,0.242555,0.160697,-0.338816,0.247846,-0.238456,-0.243652,-0.143797,0.039497,-0.061328,0
"pct_less_than_highschool_graduate_delta","10",0.026165,-0.05865,-0.005393,0.6052,-0.145051,-0.024827,0.237744,0.055606,0.0003,0.337339,-0.166721,-0.317474,0.339532,-0.209381,0.038766,-0.177182,0.073694,0.329357,0
"pct_some_college_associates_degree_delta","10",-0.132795,-0.109508,-0.432946,-0.321806,-0.164133,0.221032,-0.040612,0.376411,-0.104814,-0.117165,0.072679,0.069587,0.128013,-0.157212,0.353539,0.097046,-0.044107,0.497945,0
"Percent_Population_Poverty_Status_Determined_delta","10",-0.072961,-0.152078,-0.419677,-0.08848,0.192367,0.051765,-0.309708,-0.651246,-0.07829,0.170229,0.097,-0.32703,0.137565,-0.165676,0.019561,0.109945,-0.124125,-0.046376,0
"Population_18to24years_delta","10",0.027411,0.075632,-0.035527,0.11744,-0.633972,-0.319301,-0.334022,-0.014632,-0.064998,-0.453496,-0.158619,-0.182813,0.123284,-0.134768,0.045468,0.113551,0.003308,-0.214519,0
"Population_25years_older_delta","10",-0.371065,0.195833,-0.012415,0.031779,0.127669,-0.165657,0.065067,0.026916,0.107094,0.100036,0.226262,0.107567,0.093973,-0.320864,0.331733,0.145741,0.605405,-0.283317,0
"Population_Poverty_Status_Determined_delta","10",-0.363708,0.162651,-0.046456,0.034605,-0.161501,-0.192866,-0.062001,-0.134892,0.077421,-0.06867,0.362075,-0.037574,-0.118716,0.235658,-0.505005,0.017007,0.226537,0.482804,0
"Total_Population_delta","10",-0.381419,0.094947,0.090047,-0.046124,-0.020171,-0.185011,0.016763,0.080641,-0.098274,0.058736,0.203245,-0.378339,-0.160307,0.297423,0.42291,-0.447195,-0.303754,-0.105029,0
"RetireTotal","10",-0.285356,-0.388478,0.145699,0.057194,-0.028412,0.181726,-0.108306,-0.075932,0.093442,-0.092406,-0.187728,0.063186,0.051177,0.159001,0.05042,-0.034538,0.13479,-0.002945,0.765188
"RetirementIncome","10",-0.284963,-0.24847,0.211049,0.243711,-0.042556,0.100093,-0.150656,-0.101522,0.077028,-0.119147,0.190181,0.383781,-0.178929,-0.522042,-0.035899,-0.228662,-0.332032,0.044971,-0.185244
"NoRetirementIncome","10",-0.268518,-0.407458,0.117408,-0.002241,-0.022474,0.195454,-0.089147,-0.063732,0.092821,-0.078881,-0.290112,-0.036887,0.117269,0.354165,0.073358,0.025837,0.267032,-0.017165,-0.616581
