"AFFGEOID","cluster","PC1","PC2","PC3","PC4","PC5","PC6","PC7","PC8","PC9","PC10","PC11","PC12","PC13","PC14","PC15","PC16","PC17","PC18","PC19"
"0600000US4100590442",1,10.4007494873125,0.10250830761583,4.77097157058295,6.98238801692351,15.2407654548054,2.76470169075115,3.81844345602254,5.09243010293296,25.2365583455141,1.87051538658251,1.32750625046231,7.5995625222101,0.471590965624812,NA,NA,NA,NA,NA,NA
"0600000US4100592788",1,23.0325304022865,20.8469410825954,0.0482552760579645,6.64408671998664,8.68747956377158,2.91202049650078,1.1419604378158,5.28954906766174,0.0785897363101822,1.84854361009077,4.97834271112428,9.69880148751465,0.0294744353515508,NA,NA,NA,NA,NA,NA
"0600000US4100790153",1,0.00854427519427816,1.76237344698604,41.9920010124696,0.444109028079939,13.5721365864019,0.888216805530288,1.94469313727455,11.1050371225802,5.14346653323359,7.9262001275632,0.034696022255465,0.385626494147025,4.24431869062331,NA,NA,NA,NA,NA,NA
"0600000US4100992703",1,0.00790291801561861,0.0664336433553799,3.21688646477279,7.89424416408164,10.435596411535,9.88961796931611,12.1680932790828,13.0064928469343,9.15834594005506,0.00310173606590163,4.64747196727147,14.7129132512299,0.0294744353515508,NA,NA,NA,NA,NA,NA
"0600000US4101392592",1,10.7364445561166,0.201279780194721,5.50468410276367,1.11528951187556,0.512079464457866,3.73541025150569,0.625716952044853,6.66753290829688,10.229059774981,22.0950986119353,0.0621808245484114,23.7223238529955,4.24431869062331,NA,NA,NA,NA,NA,NA
"0600000US4101993153",1,15.8378553522748,15.8663069907155,4.21198009840679,10.0533589228519,12.1104209988553,5.10914941117984,0.637412792750284,3.30750796307769,3.15223298970521,8.06489425523122,2.7929621467139,4.06301866995345,16.9772747624932,NA,NA,NA,NA,NA,NA
"0600000US4103990697",1,7.82205347981933,3.33202451661026,4.27003354187744,10.8808509714492,11.8399340508609,24.607851120122,0.0145260772269754,0.118220578841775,0.0157433332508215,22.0363918043445,0.0225149074316359,0.246956209881344,3.56640667753764,NA,NA,NA,NA,NA,NA
"0600000US4104391666",1,1.52680858075518,2.41601384672223,10.6172087497842,11.8385635953688,3.0146763741132,0.411732135597211,4.83349602222172,31.4189690630665,1.64435095661868,2.20893779683835,2.43928796822741,12.8370555024022,38.1988682156098,NA,NA,NA,NA,NA,NA
"0600000US4104793570",1,8.24660656067786,21.9439191520581,3.50131705547638,14.1068333939065,2.68183559496778,9.23928280266063,0.145014629540543,0.13533446788563,4.34509911144685,12.0874252944272,8.76895367256174,0.00547885610714306,0.471590965624812,NA,NA,NA,NA,NA,NA
"0600000US4105390799",1,1.29849224608416,0.897945111577614,3.27988788240442,3.87136855690679,4.94526139526513,0.218177789158259,50.9011565064946,4.61954664950182,9.72975556224937,1.88186679442677,0.00251415413387877,3.56112794351331,0.471590965624812,NA,NA,NA,NA,NA,NA
"0600000US4105391972",1,1.52869823292319,0.818381357756634,8.61174868119962,3.80492142416169,7.9874745528317,9.65793826076815,10.2127764336435,2.3297332425625,19.3258262817091,3.12532437208667,17.6654303976908,0.138847354382443,2.94744353515508,NA,NA,NA,NA,NA,NA
"0600000US4106191615",1,10.9242874937636,3.94797217356274,1.77393078227029,12.2002108351555,1.1299669314105,3.80626829618564,0.615374498329751,2.5455843522849,4.2451106419279,2.12464108095337,29.6216859994553,12.2720675064162,11.7897741406203,NA,NA,NA,NA,NA,NA
"0600000US4106593196",1,0.93671872246881,20.105592897942,0.508787089626235,2.47146716694467,0.150064928415925,19.0673252784166,5.24902808524455,6.67175394206538,0.00355310069016862,7.03475143714667,19.9441452858156,3.06391265693923,1.88636386249925,NA,NA,NA,NA,NA,NA
"0600000US4100190969",2,0.200573251697259,0.322328536664467,5.51618057938995,9.12503530558319,1.05081304145329,11.7194934564909,12.9882139367528,0.206800620656069,3.90606502563104,0.450125287293167,1.53639027909497,6.95136805120442,3.12228597069803,4.33160924380839,0.606426848541164,7.39411809222035,11.0283732615101,0.508086201877459,81.6006183159862
"0600000US4100392142",2,34.9985764528691,1.16387938056569,0.0468431051410211,4.89355123223708,0.807684796731579,0.32639599026926,0.111972250223777,6.37630456243117,0.574049416290057,21.0906620160928,1.73761345011473,0.134804088277392,10.4962699445426,0.158742215778774,6.04318024859332,0.858295483793899,0.156905290400406,0.463486734122257,388.445918595108
"0600000US4100393077",2,0.305582050491779,0.283633361275239,0.286502373088492,0.0138224006051462,1.1910509614322,0.230535544859571,4.11374146564142,4.97594093656039,3.03323945733295,1.64936536415551,10.7694055811056,1.21753093916818,0.883402626047437,11.8529048503412,0.600619507627561,33.6300648500429,10.3389358179812,0.267024678441356,0.674385275338729
"0600000US4100791445",2,0.0939022820092933,0.799407478321221,0.424154019500935,22.9800251769305,17.9355934633146,0.0870695349919035,3.75455339972929,1.85645494979561,3.50742440830062,15.7335368057865,1.37051499641305,2.92094828956693,0.138369888641626,4.78438301026767,3.29219132322833,0.0216163477593076,3.38415088002986,7.06993580905437,81.6006183159862
"0600000US4100791598",2,3.62302265780803,1.4742207172323,0.83065759809073,0.100179384009465,5.45983298816507,0.125814303076482,18.438791531103,2.97665261551457,14.2453083865622,13.5220223241526,2.06656171460255,0.477611808250904,0.173822311912398,3.15222098029444,9.77807323872884,1.05516403368246,0.123457990373566,0.147191580253402,404.799761522072
"0600000US4100992805",2,20.4887079330269,0.00844926396169974,18.2158131747186,2.81022081187912,2.86131365844056,4.23825770337411,0.805052311724437,23.8344922829241,0.650302470202951,3.07686043210732,0.24374265653825,1.64100652546579,5.22998822523352,0.277759524453759,0.313760957642111,0.259133044136167,1.66635698910908,0.560485880056867,10.7901644054197
"0600000US4101392550",2,0.856633457578976,2.51142778043742,0.318163387822723,13.4845495831138,7.48781425627801,4.90580273888347,0.355687573613885,0.639793122978395,19.4361729092708,1.84604160251772,0.27325341470007,3.02623985118781,0.191414411926655,0.00242333204049594,15.1914162849576,4.1266741066692,0.268015266901493,3.94395252413695,356.749810654188
"0600000US4102392584",2,3.66168545403806,0.162817085660314,1.18134359201298,0.307353245773661,0.663713333643376,0.598540470221117,5.88560110796973,0.644230481302756,0.050472687195493,1.38264168618177,2.68812235199928,5.08486809690685,0.671888380073075,17.7133202320468,4.95928039026496,1.90165324932521,9.89783251956037,3.16646278860026,2.69754110135492
"0600000US4102993026",2,4.83166506996933,2.13971746656995,0.418850661294242,4.31259964960843,0.227884187358451,1.79500254708862,2.49061903461685,4.41815653181407,0.529548308381527,1.52648763136176,0.00744571020897114,1.48236566749255,30.7158672580584,0.00779782976717267,0.0427323875080094,15.0218736460623,10.6150166582393,0.228573892060861,491.626865721934
"0600000US4103190136",2,0.892901672148206,33.0569725997846,2.26446453244056,0.074805699648759,3.17996023600243,26.7065565455565,4.24535837520753,0.234546652443955,0.0112574177393946,2.81795333012849,0.10657440520873,7.73746082421104,1.75852442357382,0.779132775885725,1.28714597964223,1.11114660541261,2.03684814998447,0.850108572331531,97.111479648777
"0600000US4103191224",2,1.25795522615274,25.7384678320588,0.697797703714044,0.721308939424073,0.0107879501149497,2.8768400341395,1.53497399932493,0.361809032102549,0.275414486810187,5.35264103566579,6.59220434683447,12.5782235478243,9.76344046663754,1.87051761171467,1.37453698418416,0.370076606729072,0.738836692003788,0.673364351875018,24.2778699121942
"0600000US4103793145",2,4.60738750491055,11.7453023043155,0.34769041454837,0.492723895252118,2.54365282199602,13.4269921520034,0.0697229746659117,0.825880275446868,0.795430849696658,0.562704265819514,42.9168524284073,0.156723773189598,0.111509173923252,1.40226440826663,1.06723250895903,2.94109447387822,0.0467269045422728,1.75301499094713,16.8596318834682
"0600000US4103793417",2,4.06275579616485,0.543837757949692,23.3058339873837,0.16065053237598,1.55469911509769,6.62083904405255,5.90323108588926,16.2284880312125,10.4791758071746,0.000531398175318902,7.09704220561356,4.28391347697736,0.363010430060325,4.57625393529062,0.276599971391869,1.7668321412874,1.46115029586902,0.258317635810622,10.7901644054197
"0600000US4103991802",2,2.68790477888551,1.21881538449186,9.65094779799864,1.72021254640346,0.753283593252439,2.04700485504465,3.35789101424303,2.39296925910253,0.19935369102585,4.50895714685207,2.51842494831639,9.0198150250661,7.41112404232668,4.30290927407296,8.39131561627534,0.257619629400843,25.9174819874147,1.38423030626786,973.812337589125
"0600000US4103993300",2,2.30462908009682,0.311031871815312,0.00692041194032267,9.0166697598574,0.154776813858498,1.25935955367858,0.0616538590928724,4.74533772155409,0.00577534916749412,2.91792428108237,0.109728761714191,0.0919988017748882,6.02524183668189,11.0067489089582,11.297880395459,9.2591097484506,0.094618677978474,3.49635159890518,269.754110135492
"0600000US4104792720",2,1.40288668705583,10.1289390774679,0.113285108725077,0.255562978005911,3.34145855125131,1.79307434870787,0.165225255531152,0.00677997774456743,7.32029518656815,3.87469610281373,4.10844269905662,16.3488862780959,2.35913505867391,5.94287290721564,0.711451201910003,1.25495700823066,1.488864385355,1.64378184841647,0.674385275338729
"0600000US4105391122",2,0.70139912394904,0.815781774240263,0.639473405886095,3.81264710267119,0.235488310989876,2.24993349220438,6.76290863491512,0.465705414084697,9.46561066351871,2.35700816858504,2.83015496229445,3.39690009192,0.421134729558947,20.8474835833276,23.3624467337741,6.08805441075321,0.472486162535598,0.507859910100741,557.421579147168
"0600000US4105393502",2,0.234202132795214,0.445488764198033,20.0095863829732,0.378214234948132,8.09957057227742,4.44314406162835,4.87670355635955,3.55469186731375,13.710380642639,0.122431390114682,0.590203937319669,7.00258315421715,1.15837926096911,1.82511225125889,3.28412938475399,7.5858420911026,1.89000903994537,4.86295529361661,151.736686951214
"0600000US4105993264",2,0.671424483639586,0.885036767212365,2.64179006102387,16.0061390958958,37.4569252562476,7.86214987618242,8.64289476589596,4.63536928945155,2.960824056673,1.02120349422269,1.32273427428743,0.537781748761654,0.0848967706646637,0.128659079782968,2.43053478386628,0.257320746025439,0.189208727522236,0.11030737447892,24.2778699121942
"0600000US4106391496",2,0.01076054321322,1.35324919570426,0.123746363827146,0.114301458199497,0.117518946339268,0.805214903468747,0.396313340257784,2.77241032767966,2.02418800478309,0.069455035103962,6.35139206866776,10.4717254925895,1.23481326480001,0.175401163048643,0.818451121017353,0.0140114283795661,0.447339462753419,60.4802996862943,4.21490797086706
"0600000US4106790561",2,7.34353959959504,0.129290838168386,8.19805057657456,4.45752220567254,0.104272383850269,1.12007408217274,10.276985765337,13.0852812859815,2.05780601313156,11.3548464398824,0.00129004559725384,0.675339705946722,12.9235767630915,0.0995781204742349,0.108689369769911,0.0634374947531139,12.9754800780854,2.86230358044721,269.754110135492
"0600000US4100190204",3,3.0436790054306,7.7732595957994,0.00168407459990101,7.44679796134656,5.23469228140746,6.30505130864757,0.0548178451515753,2.49914406465233,0.767248771018912,2.68104704247403,0.346017112295414,0.0274769186391408,0.814637017860716,9.99147709403864,0.66111807585517,21.3525345478492,13.8543717561109,6.89563804759727,0.49827819261089
"0600000US4100591088",3,3.92060794864177,0.479577571068364,0.573042655139252,0.21866396345547,0.0174118082187262,5.08784085934402,9.23988126974903,29.3498625450886,5.47955009379583,17.1325450371445,0.0313575687607137,0.358609257397593,0.375407850952472,3.75228882606749,8.56340448156747,0.230234643008314,4.25845722479354,0.681948916582447,17.938014933992
"0600000US4100792839",3,2.96742449505859,2.61113662555637,1.38419818430498,1.52402579169833,6.09664011265989,28.7222168651357,0.586806889328147,4.38776603762238,0.203815227856249,8.20082977641798,3.50319882813067,5.544132492138,1.01724977745931,10.784431059893,2.52493142429949,1.88458190480683,6.47656690847985,1.33074011992967,1.99311277044356
"0600000US4101992057",3,2.6705058036313,2.65916690487761,0.764968025673257,8.24479668071739,2.1938118292611,11.4976387258918,8.33215502504065,3.7599768032322,7.24035973509527,2.39196327025759,0.0342470682665279,7.47020415995801,0.06581129085548,0.00616260562075166,18.4131923109337,1.15190478485679,0.0474010415026927,12.8064264551035,12.4569548152722
"0600000US4101993179",3,4.40428191733555,1.76168716542504,4.28209834514369,8.75444985418593,14.5421162939853,0.382991626596209,3.15155579110831,12.4792979349043,0.696271034787443,0.118142561143042,0.00361379495917049,0.558209824508395,6.31262456973672,0.83760435933658,0.391017536490348,0.00466588274318276,31.0679596285846,0.00210439980201402,1.99311277044356
"0600000US4102993094",3,10.5984643913262,13.90618760733,13.183056479525,0.0727773453728693,6.08157716167183,13.4976302102004,19.4872380279485,0.968379399847066,1.28362970942855,0.00269955720183745,3.47198396484917,0.201081347426177,0.000373696259550718,4.18285983167802,0.843562997207298,1.1866079127371,0.14549484036282,0.637088040403344,0.49827819261089
"0600000US4103191751",3,0.0732010666033513,2.95155386697184,7.30181015089124,1.99262948027043,2.67994036858527,0.0171821347474191,0.482935640946512,1.4363233509256,0.165044098678735,0.146783744861008,15.4844638233022,4.05541736499251,8.11942295827698,0.546347964905445,0.00116418139655135,28.0060273122499,13.5100051623822,2.78043984978815,0.49827819261089
"0600000US4103390493",3,1.15907288261472,4.86031639041303,1.88116252379556,0.754819181690826,7.44255467050167,4.03756009081686,2.64704803811707,2.3614043825583,11.1388856596726,5.73464265169472,1.50986296090154,23.2126354533998,2.23366102841282,8.39773326296173,6.5109513038376,5.76818672821768,0.0439160806959894,0.0562792304732279,17.938014933992
"0600000US4103990187",3,10.5743180126204,9.69309957017953,0.626290340805925,1.1681659751471,0.418125905528548,0.000916530044826673,12.1879124728242,4.52864287313533,5.68505966569874,5.81443215511756,9.07353190387707,3.72749987606079,14.7165922661444,3.41664404230655,4.59277043944482,0.636693804564642,2.75703280693953,0.132963880335594,28.0281483343626
"0600000US4103991147",3,2.24397982438771,0.983679390770134,7.2869571289004,3.63714255180454,26.549107126557,0.00247056992757103,2.74850787842971,0.533696515792477,0.384057825729725,4.71686443285371,3.71900527277922,4.66796405189264,2.83910329077299,6.5181497311451,17.1702402858332,5.177897968685,0.120732190603266,0.451136483911267,40.3605336014821
"0600000US4104191674",3,7.76706398931478,2.94032804643926,0.706192545850165,6.42775613654166,1.40799426404963,0.0312600739431269,11.1955637656569,7.3119332393525,0.00186715575738847,8.06304184620462,4.95982934859145,0.359245369592111,0.0490568551594029,0.086978436482216,14.638924485368,1.88904100658488,2.69201100462802,19.2226049512594,0
"0600000US4104192133",3,0.985554642535472,14.5242902209908,0.398896107314226,0.204655693190951,0.00963137295644344,2.39693414478978,1.61586109451102,6.15200198767587,0.84973407465451,18.2511942496022,4.33264840066313,1.3930877864806,4.27630125786804,2.58648967676296,14.4251131882096,11.4184017601303,0.0101721810592033,5.91972468138065,31.889804327097
"0600000US4104193349",3,5.26239927443187,6.44471339590326,5.19712561908182,16.3501007769588,1.0703998478581,1.27649306228021,14.5546305235429,2.5298249400719,2.29810720388117,2.25986179228825,6.42135367120608,6.92498205863097,3.42921565833388,4.48018616511276,0.595520632204357,4.13731338952079,5.92305043447648,0.595414074991763,1.99311277044356
"0600000US4104393162",3,9.25426734158484,9.70321411263285,13.4489807648334,5.6226502318161,4.00916902412148,6.52962503754376,1.59603222229913,0.977328374709686,1.60099573945036,0.0284334567376275,0.833838907063406,2.31355260305017,12.9608438254854,0.273579875976724,0.0328888751298819,2.01888249451997,4.34116694127824,14.2052426925429,49.827819261089
"0600000US4104592397",3,0.588211199507159,0.210260947636194,0.477046356857272,7.89806745149976,2.13675436560543,7.93271097411895,0.549736691923219,2.20129191060968,27.4877270321445,2.97032337208493,1.02702428332181,4.00064725193874,22.27794770342,4.33619550255098,1.04571190309247,4.10500617739055,0.00471610037915021,0.50131329669482,17.938014933992
"0600000US4104990323",3,3.68256649424099,1.39468459277414,8.02093960576988,21.7491722715525,5.25866821955241,0.0203629159954439,0.489202413921851,5.19066043454065,8.39096109650973,5.75157813628586,17.8036156008905,1.53863591298503,4.94457329664826,0.165228890574374,0.0215052388552697,3.27093794562353,0.857847461078371,1.19955199297706,31.889804327097
"0600000US4105793213",3,0.387223071382465,0.0191651552923646,8.76403520687505,0.0284142245814345,0.105243595238452,1.24730524759198,1.10730881964681,6.09040670244622,14.1102122715969,0.227859889995149,18.5034329899235,14.8902778700362,0.000550682111792792,0.0806857006808632,0.551638198168943,0.637793056721828,0.13617275142631,22.8629670870591,7.72525838465868
"0600000US4105992448",3,22.4236359996715,11.496503638138,3.00682755067266,1.00179077240492,9.31571632769793,0.00155980955918088,4.38368528253727,1.03835935240317,4.80555891781096,10.1809100343193,3.28934891301861,4.58693274351854,0.216400223062975,2.84808223841127,3.71483038461219,0.216644286347481,6.74732699343693,0.476579053152775,71.7520597359682
"0600000US4107192890",3,2.73038474494384,0.324017307065072,17.4315304392294,1.63996576102768,0.167287529806537,5.74909191808841,0.325962412580304,0.940541255694878,2.14775679169549,0.0636890985790649,0.388467692462799,8.90624976261776,10.0870688564421,31.4457168407577,0.0383561627567162,1.64348649870525,1.74244059704453,3.97867885127842,4.48450373349801
"0600000US4100191377",4,2.64968013312175,0.4634317647421,2.69731434240754,0.228291676549891,12.0071265077716,3.04686566595313,0.0445712385004297,0.257137599042922,11.3309035781192,2.25200248542975,0.181833395186761,9.83870311070827,0.290102807471609,2.45336896725991,0.0555302888404987,6.69526960416334,17.1455967477261,0.0389590128570498,270.98576185664
"0600000US4100193555",4,0.177785714178562,5.70195367511849,1.17169396824295,5.61762022325399,0.483804670022083,1.42253728807615,24.2413629258072,6.58312609920453,2.45061361978496,0.591583926107002,5.35933895349055,9.1755756121873,6.64355355203238,14.4664237125456,0.233281091286179,4.1761836889889,0.00603582479954565,2.55547464798617,159.774449513051
"0600000US4100392176",4,7.48529334082614,0.653243544291666,3.28854386155554,2.60254675677185,5.96055673698409,0.0483327164551838,1.07928847570052,2.0582437434907,3.3477362893536,3.94968535162176,1.54114274063247,12.8717448357392,4.66911835018412,13.4486204041585,0.514854183541719,0.628581373052359,1.70293599779394,0.0591505972699167,1.38258041763592
"0600000US4101591275",4,23.7791599963737,4.75039574842595,16.4872582241286,2.56512977012889,14.3524204474558,0.0232139017746551,0.00626874680708373,0.012547188247364,5.26577485044853,15.2183397120085,0.00000107992307491645,0.0508324530577755,0.0493256107355518,0.087047677670757,0.0931471127560233,1.53832594228945,0.47045886493698,0.205859976086601,22.1212866821747
"0600000US4101592533",4,4.25229713090674,12.6487325873574,5.75866250372471,10.9670123608142,0.525884786663353,0.738008894329705,2.4663091830702,12.9919150911687,0.631927087256216,0.409764825576786,8.79487908546638,0.0594181262953799,6.1973606048709,0.0967438345918323,14.2302361104513,1.30027057876796,0.151611193600041,3.93265059378143,34.5645104408979
"0600000US4101991853",4,6.21146660680179,0.261254871471869,0.172747888833597,6.22184226503786,1.69417369426802,11.445482369456,1.76766701710664,2.06445608216176,0.0658354953628531,10.3042636784331,2.55734157443834,21.1313132092155,0.915482555889628,0.200884494174617,7.15724783527416,1.48287192072186,4.69342947396499,0.267286492188344,0
"0600000US4102190102",4,0.0267238166965103,0.911495221159899,0.0492343139611868,7.67759921100699,11.4667670451018,3.24736922296181,22.6675300461761,1.63691272541931,0.133856639242078,7.90848684240554,1.52013071623833,0.467553941697184,0.534105465673548,2.2637021300097,11.1310160926052,4.93303480449968,0.00018475681598468,1.54765958187126,34.5645104408979
"0600000US4102190612",4,0.289802827518569,2.75146135555779,0.0156225438595823,3.07551263876196,1.96264955117941,1.39851571868609,1.10032894925466,1.61577798128553,0.0408253664291206,22.7210832784771,0.185540633525359,3.01476324012149,4.8182277556854,1.9824900251959,12.5001673379259,25.6269618998091,0.610570762322216,0.00256494707380129,34.5645104408979
"0600000US4102990408",4,0.00455523170614889,4.93231643330752,16.9641013946014,1.67908567745048,3.97967813359703,0.137925361848957,3.01459407779267,0.175390887520211,1.01018157199895,9.14775093338467,0.579859682719716,0.700053715032105,12.0740434734215,0.600254213636992,0.52529215079605,5.77131935055443,21.7085059155093,0.276844266321549,14.6035056612794
"0600000US4103591651",4,0.405762318757056,2.33514317711146,6.38451116759587,2.05616334912838,7.44120560782657,2.71864311190617,2.19219264830835,0.129394894573554,1.48800963229651,7.5260903954191,0.0037765815893949,0.248753181777266,0.734310551757797,0.345496345165837,15.2511954476753,1.02036607835626,0.991730448432395,3.57764845135358,6.99931336428183
"0600000US4103792924",4,4.96455403239401,0.00844326886365502,0.0657531766359926,21.5972493574518,0.112111743055343,3.36067457830481,2.32072755179141,10.401319778895,3.96827626937969,2.00029484290803,0.00103425354791608,0.63606011430577,3.78619126919841,1.84851558881649,0.572172591059421,6.50706513748045,3.58848549634599,11.5896166857125,34.5645104408979
"0600000US4103991700",4,9.42914840922277,0.0397070079849673,0.508161821995822,0.371668723167291,1.81355525872721,3.09039209586657,1.53121827903159,8.35869106679799,6.92394026239436,0.383934501911122,17.8477839512656,1.01666435684253,0.557575661614741,4.43128182755541,3.21353720376082,10.8786112312213,0.142157301699951,4.63148873038496,5.53032167054366
"0600000US4104590017",4,0.643842237320769,0.401123878490637,0.376454959018602,0.370643649930313,0.0552545048111362,10.5441971024657,6.76180908167917,5.14144575206943,0.522558004859646,0.867707492960707,5.37328442764611,0.0114592732367155,2.48964338589897,4.24205907026138,0.873434110613358,1.20992705391451,7.54676603538492,1.69660751759422,12.4432237587232
"0600000US4104590833",4,0.182043502291186,0.00874461491812794,1.65754852746273,2.62424367869999,0.0358638581487188,0.00648257666432711,0.0361115143783875,8.87417301869843,4.3053526088473,0.188764873700714,2.28281062290905,0.664715782820968,0.037766387419604,10.923421508125,0.272671950657643,0.591632023922633,4.8655921664014,7.18388611602721,1.38258041763592
"0600000US4104592329",4,2.11602693561927,3.92115587589983,0.945711055767566,16.5951825263828,9.912560510502,0.0228367444935729,2.80268442729614,1.41129399943453,0.262204762061735,6.53108658273838,1.06156508630175,5.30134783442141,24.0822773510976,0.0193387361419412,5.93716665858594,5.53645144755713,0.449675433289443,1.68643842782736,49.772895034893
"0600000US4104593315",4,8.18432382674301,0.0377596845573503,4.48366952878834,1.02976794513467,0.771837465162704,4.52179441064812,4.89028663362158,3.9259630216017,0.464881038225893,0.0226891680090458,10.9385655251183,3.92187421745173,0.696533658672185,1.78358390500778,7.15765991058255,0.118431712584148,7.13467051729694,10.8388409637242,12.4432237587232
"0600000US4104790994",4,0.0101652564502409,0.628741717946184,0.00160933838546289,0.0397034434482847,6.00309073727933,1.15025130692715,0.146829208946501,1.00606922574391,51.0859613095267,0.119745990401975,1.21444780121691,0.340594860954376,1.06996708888557,11.3424732270672,2.33350365863451,0.296868528543502,1.62483050561031,1.6390097760664,10.4557644083716
"0600000US4105593434",4,4.10076009622044,2.80705642671374,0.970127214410658,2.5595307469089,1.65735038236258,20.7755987429195,0.157138242255425,0.989491322594633,0.0084320967543703,0.116800043328414,1.39924697849447,12.0177629867835,8.32712871767965,7.34512154873473,1.09311540472777,8.29259305876396,2.39240514832745,3.18584955178285,34.5645104408979
"0600000US4105993270",4,0.0035506428850317,0.104896716049297,5.07197141840367,3.29384339996322,1.32794251700339,0.170665586301788,0.000267892400709886,6.14015625179907,0.00176112312723076,1.13248144126578,0.316378203773592,2.52901863014458,2.07981162670342,9.05491425690975,4.38050883683124,0.164631043235702,0.473986264146437,14.6941974959323,58.4140226451175
"0600000US4105993451",4,0.664117148467106,2.53440723404414,3.60005221710034,0.0559881008069346,0.0120559163038811,0.206638200394798,2.05228434269606,9.84797177236143,0.0000145580869014199,0.150021781177905,12.6383031412668,0.349313545464318,1.60853770283814,4.52236105972441,0.899660476180533,0.162290618410999,15.6685082283522,24.1694855237572,27.9972534571273
"0600000US4106590085",4,11.6374293727726,47.1138570228622,8.36523820180294,1.43309402189898,5.44760707273231,3.69561975685126,7.23301019623081,1.52227971222772,0.105244511582637,0.0302614643918474,0.0149503656053948,0.00694745809112708,0.499625176049008,0.0500158996685833,0.0432996643898941,3.22019357906178,0.119684823743921,0.38012325463021,1.38258041763592
"0600000US4106593400",4,4.12488238511584,0.00281768421958331,15.2337337953445,0.761842515501802,8.07155568231812,2.10825666763063,0.0100068499404646,10.2590016275429,0.899955440129527,0.00713919104909658,7.68503111741034,9.94797994073827,5.09721887807526,0.311948464942379,1.06358389786514,0.241255884777003,4.06134199220216,1.44853280268798,67.7464404641599
"0600000US4106991173",4,4.30880295065421,2.63403440194961,1.3824524490158,2.2286118748439,0.557121083767033,21.7718718921273,9.1296863842514,0.249415071162073,1.33792779777533,4.07219511033729,14.1549279952767,1.34972348595688,8.39426628118863,3.83210701567877,6.11989189800237,5.25903735236713,0.103010014340646,0.0439985001266883,111.989013828509
"0600000US4100191258",5,1.2791115231464,0.0990273551341828,2.70548983493245,0.110747049351354,1.23267536127776,0.0724687668171755,5.73056067147595,7.63199640883422,0.5504805870257,0.552580086438013,1.35615610628365,10.6954131742022,0.634523613571575,0.0136148379582139,35.0512242994315,2.34341331012373,2.84162832581938,0.148101096526946,15.2846534801833
"0600000US4100393009",5,0.427044690413921,0.206221362828781,0.558490883761858,0.870047742093666,5.10622886038308,0.00350179759509569,5.98822585201247,2.24942242595036,5.91101402178167,6.81851168943131,3.47426685804934,0.172877608694209,8.43049539815436,0.0662531667870259,9.9994251749462,3.34268655571539,14.7807443115401,6.07565585426149,15.2846534801833
"0600000US4100590595",5,3.13063180442137,0.285313899500487,0.234920523523712,0.00685595046522716,0.956263353215849,1.20713777034523,3.87737290257847,7.05695162389787,0.103955835331049,1.28106628518534,13.6851693185649,8.21918216959744,11.3220944819291,4.24565580846034,4.25109445557273,3.05242601290681,0.00914857685603585,0.0892004910755024,25.2664679978541
"0600000US4100592040",5,1.18445654762706,12.2100220398205,0.18501942960485,1.74630891920391,3.03264733217186,4.46014001570482,0.815851219125926,4.1609192794646,1.99840289036106,3.68809274734627,0.74850550279739,16.059234098642,0.115493300905162,9.33263896432886,1.52332071806769,0.955921472865538,13.8713252516307,0.010451974785052,4.99090725883538
"0600000US4101591207",5,34.6294272734939,0.0489669583660971,0.401738165256185,6.54024021677193,5.31582002386315,2.33618551474456,0.020848317840765,0.644400237484968,3.57762176723273,0.0237164253821302,25.504452890088,0.806242159481865,0.21962380023164,1.54067707456793,0.57822623631364,0.398385642081606,0.116313258312426,0.267914568939443,31.1931703677211
"0600000US4101991547",5,0.292866216093253,1.07240398316338,0.228986304993616,0.00910707571571303,0.0369357247965779,3.31590491194698,0.318804753066987,5.28836256414863,0.136202776363846,1.04473564437672,9.86558638650601,12.0173756717351,0.04378703324413,1.12695585914202,0.221455768349084,8.80825148389424,0.177734731011169,3.17547813589897,2.8073853330949
"0600000US4102391683",5,2.04098166149092,0.290822865257077,0.238035391695768,0.0523346378369509,12.8552515649376,0.215448034509801,0.29428800128205,2.32139880842214,3.20485529331314,0.21361931433076,0.926922293639237,4.89350517322857,0.107117500802709,34.9694115281938,0.254840322520238,0.000144902726998911,2.36058570036254,0.187503664354571,1.24772681470884
"0600000US4102392856",5,0.88455613166048,1.57047846380995,11.6295403384598,2.05350407024632,11.7789024200051,6.43025719750671,6.20591424884892,1.42898289724589,0.25090026906277,1.41982014827618,13.1925906708554,1.67913406908748,3.69455706096566,3.31645150407773,0.713332873598932,0.561033993243923,2.27052838308269,0.577225662717573,1.24772681470884
"0600000US4102590901",5,13.6856311827282,0.00327856651108958,0.270152619289054,7.73864120230404,4.68127525389976,0.0111314858290287,4.11313821267335,0.00208040393719957,5.34588975466961,0.109281748027655,0.562064764695987,0.291340737933873,1.44346879985436,0.165517857652733,2.33032756037989,5.99722270514605,2.53359050045252,5.05607397960248,1.24772681470884
"0600000US4102590918",5,0.231194606912016,3.71706509715032,1.60557968398783,0.0868281322422838,0.329089467641816,9.34467937965838,1.28940420974084,0.000104450357023297,13.7153297826522,15.2211350149167,0.426564787069369,4.48095223801684,1.28370918806448,8.87670044092836,4.57933220971209,0.630117383401968,0.809201118797693,3.69779740900952,19.9636290353415
"0600000US4102790476",5,2.2999237358032,7.07552779422695,0.00350449128141545,0.483154080429219,3.24911195314409,2.63633447431482,0.0397422492129584,1.00339953206398,0.919653114891198,2.59790472462382,4.43793031705593,0.433389616599654,0.53122532561308,0.0404371874023211,0.98443791113858,0.412321379266749,5.17793813160935,0.799813923738996,7.79829259193027
"0600000US4102790850",5,3.50700881814839,3.91659989826819,12.6441109126891,8.13080188436,16.1549279958662,12.7205632876291,22.1193592702624,0.0236196358580402,0.910135757913858,0.128211886579157,0.0298322077874065,0.710869907973969,0.0726616854495314,1.43367759677025,0.10980523160877,1.53643991501823,0.000337155989465433,0.208107056317307,4.99090725883538
"0600000US4102792380",5,0.0585174155750419,0.0549422953651125,7.09889397821745,24.1481062004114,2.96667706096843,0.215672536269375,0.0543606749215826,0.0516179099021401,1.34478118666925,0.267039114283174,0.0147034092648784,0.619963260743862,20.296772792177,1.38098816026903,1.61322605617903,14.1533816604165,2.69113981856304,3.03755401371463,1.24772681470884
"0600000US4102992278",5,0.780096515163755,14.1687333681294,13.3007787578596,1.02188697137412,0.336484256597972,13.473857541455,3.93527195178842,0.29232901950915,2.34431759103931,3.66286881036944,5.55905947803964,7.5019120593122,1.43467099589263,0.94312290146936,0.508911001978264,0.0908632618170956,0.303131637831339,11.6007546764295,4.99090725883538
"0600000US4103591564",5,9.47477688480052,7.94134462523175,0.00493976659591501,4.8172719157027,0.368231317791382,16.4223976912991,1.92403746799597,0.257036366836758,0.234862383751492,6.20289734768666,2.77649196186866,6.6629075939404,1.81383597967011,0.287069726058666,0.436155674055497,4.99815921864066,10.1217028753505,5.57311463863794,16.6798167642084
"0600000US4103990943",5,0.0037945343884763,2.89636117992513,9.12211093039215,4.02855972572243,11.7654599802179,6.71067404508133,15.6407533751217,5.63569270518022,1.36266713475272,1.48618547741393,0.0539830481667328,2.31279996796406,5.26557351573569,0.295385321794653,0.00469487607655187,0.124059290912408,1.80521224982644,7.88517491897925,41.2529678113111
"0600000US4103991889",5,0.000467722160817166,0.00602478099019905,1.12412197616133,2.02419702875469,3.0676566672889,0.742870667748512,2.45303900254604,9.49567148187053,1.74722185509262,0.240302042414138,1.80427064930577,0.848267548468086,0.393219479156024,1.97788618148379,9.03691355687773,2.6268189577407,2.52486257201963,0.498228673755795,13.1791144803622
"0600000US4104390986",5,2.35236652679451,4.82933499917641,4.63664917718694,0.698664605907766,0.000689523579467849,8.40996441101968,4.3070302719721,6.78594443338853,0.344160954752605,0.0411982413504108,0.821133056052776,5.91560241631673,0.0118395104919526,1.14832842358751,6.98350991372787,1.29536360055966,8.4864570819553,0.437495372294923,4.99090725883538
"0600000US4104392822",5,0.160191838705227,5.37743308913984,0.18546120432254,12.4119697667215,2.81315341102672,0.468383180382596,0.00833001798204994,1.18989312541602,0.985424965362777,0.0770830412302959,6.6808501646076,3.78664041629295,13.1847089267623,1.61491144060427,10.5618715589301,2.256876040921,0.0946752853653886,0.00185342479262541,4.99090725883538
"0600000US4104591479",5,5.69149533256763,2.04579129109691,0.120044516253318,1.70541150600717,0.259231925744002,0.00768488545327815,0.231584125467667,21.3029627585153,1.37256349466067,12.6885841540033,0.783012567209321,2.33680727097022,2.29001981147384,0.016544992479889,0.691956724219966,0.0288125225616553,1.18346728527453,2.68357982860522,4.99090725883538
"0600000US4104991309",5,3.89720965874636,2.47063436285486,24.0843644479615,8.48709748422599,0.974497347716768,2.17036606482686,0.180208988269134,10.4949347459154,1.02970547924915,0.26094835359207,0.503244675513631,0.730128210419591,3.40434331356332,0.176348467464239,0.444746931182273,3.77649770454167,1.60142254140323,4.11731080644021,4.99090725883538
"0600000US4105591989",5,0.108800388107431,7.05344962634058,2.22552064544874,2.10705651007139,0.241416499361908,0.0523061042516758,10.1585948814965,0.72808059121951,0.120480691878828,0.0666105403012854,0.144962775016155,2.28108068430524,0.43886538038092,0.333653754889778,0.273057270527702,0.955212469179593,3.45230713265423,19.7318614640592,2.8073853330949
"0600000US4105990170",5,2.00661886453666,2.04199352175494,2.58735715246098,4.80231982955051,0.280038381919434,0.396101420478885,1.90922266258736,3.92673160145348,2.33363639627143,8.41780345328754,0.0000000357585628500036,0.0170203361310777,0.301981150342187,15.7864480940336,0.0646755499241037,12.4085240209364,1.40563019139616,2.74334365140733,0.311931703677211
"0600000US4106190714",5,0.0647780499701362,0.394457857464751,0.0565235753720142,0.395456975631455,0.0952855520665848,2.29817398253078,0.676189399056742,4.1237825919099,0.173916066655819,22.6161399714278,1.75341109331716,1.05028872967941,17.3443000637545,1.32100377421156,2.34904483146698,2.19252430768035,11.9271369956354,0.618669173343961,9.43593403623563
"0600000US4106193281",5,6.38404658653582,3.11920837508953,0.00419185015121531,0.750504540788382,5.6423558026006,0.3866404685583,1.27077973740073,0.013109631420405,9.15010336479575,6.16476063032439,1.02983758623332,1.29272065086711,1.95475727213906,0.466189974697703,0.399856153685998,4.27605583224419,5.58964898225506,16.6505535291564,0.701846333273725
"0600000US4107190816",5,1.57785164385471,13.2584084972493,0.8973195959868,0.926772131955949,2.61353911576328,1.64500051788909,2.59093368911914,0.0444209236440204,36.9855627383148,0.862749261247726,0.0188435500994142,0.338190383241829,0.120200773520881,5.27797311453245,2.18840329337479,18.9323325093032,0.0179760588516865,0.281028165001579,4.99090725883538
"0600000US4100592618",6,5.56155591914342,0.124485134689191,0.00222078983724652,0.110441291191984,0.107094888205007,13.3329259953853,0.361811092695152,14.1057768150906,0.268467027896355,13.5291332169921,2.53439052223544,1.28407748034667,0.219241419357301,8.48657776928042,2.08824152459066,3.97244291160218,0.665319418738549,7.16471715874725,301.290282946967
"0600000US4100990544",6,0.443356865596105,0.666075710306649,0.751359683653806,0.931206681105502,0.000493178752374577,14.0934994800481,30.5502720622069,1.56997410396801,1.01849045897363,4.47787494221951,11.9510131191651,0.465078572465081,2.33722449858984,1.86051992555561,2.59302391911536,1.91925071905999,3.56529083516503,8.42362386364175,33.4766981052185
"0600000US4100991190",6,0.111301301722303,0.91385859229827,0.688211652867369,0.332069348913491,1.24862775533852,0.123080078985533,0.342726403316024,3.62591839908419,1.04019600167327,0.0109705843215075,0.153015734471387,0.0223644916667746,7.22379258436013,4.53054527549387,5.29863438055755,4.38625769940403,0.540137168667939,0.976752219833759,14.8785324912082
"0600000US4101190221",6,4.29719551090071,0.341788704105956,38.8632067164426,16.2631458299748,0.526272354050186,10.3205928426337,2.91849549539659,0.291231608964048,1.23154610127386,1.27418178925194,0.168994227429252,3.18289084710699,2.19524794609505,2.73050331842458,0.521814711224576,0.914367133785643,0.0672162594306321,0.779895958597004,14.8785324912082
"0600000US4101190646",6,6.71684123184001,6.83712229800183,1.58011695791692,0.201460376973717,10.7423853689004,0.344705615236782,1.6809653488997,1.20792904733863,0.622431397115211,3.83259480521449,9.75641548394498,8.88896239542221,15.9321699305212,2.12112289984908,3.53165247044673,1.61172178276723,0.0794176663667869,4.76248865227497,182.262023017301
"0600000US4101192159",6,1.77542646456394,1.47720531369986,11.734505949673,5.05059978180807,3.07481435348176,0.219153238990166,4.24817261673428,4.44988720322148,4.92839722653736,4.16598157366783,5.58585771354193,12.4583761343188,3.9593220067775,0.73870086999838,5.8699330356134,9.33113085910417,6.13153347054962,3.51359592201875,0.929908280700514
"0600000US4101192567",6,1.77316126179529,1.05946214841688,2.35570150341586,1.56849332892002,1.68420947355468,7.22365933509223,14.1752068125632,1.3361360876065,3.97905421344665,9.28609320614421,1.6808049262666,1.11994647916748,6.87572873640602,2.85789922417662,0.548802934678015,0.090607690810189,1.87471767462521,10.1151201725264,182.262023017301
"0600000US4101993060",6,0.790539918230744,0.00191424065828216,2.52613350219468,2.25854234615405,2.99182471626435,0.187170325516327,2.15191079568148,0.611681267173586,0.0769855611855963,1.98218046896247,0.654979501213176,3.49652839368982,8.26884545616172,1.59506701614175,6.14254562681845,39.554204924259,6.51311805881366,0.0385097730752033,0.929908280700514
"0600000US4102590391",6,4.79595049231346,1.06711625534243,0.0232013121150762,5.4769794677243,1.39627918803571,1.23910912498246,0.667105607516031,0.0562892108169673,7.10893301371512,0.18494135766301,4.11853056161816,2.72863122301776,0.979487578787099,2.30235260538723,8.60247538455128,0.0462293187760332,5.76121033506298,7.22846394410166,33.4766981052185
"0600000US4102792431",6,1.00924962920403,23.6624316838768,0.641487901813853,0.210399834502518,2.58454960905332,1.14664261262771,0.000984499191502654,0.0417197843145969,1.12791756446189,2.75129950937597,1.44758111357834,1.12111394128613,0.139559530500789,12.2016603679989,0.00769255028380322,0.0000550468642520628,6.0802530593202,2.21716081550397,8.36917452630463
"0600000US4103193383",6,0.0105815479927365,1.89537984779698,0.0476880951012445,1.71778455588798,5.81488513558895,0.44717477954159,0.418500976549841,9.27025335577988,12.2607782152089,4.85590090692968,6.53297344061392,13.2612587368341,12.2248211231445,6.61357692716979,4.1669733617401,0.457706917702773,2.50295339636596,0.136226334439292,112.518901964762
"0600000US4103590527",6,4.62919303624295,4.3684498498286,4.84738716971247,0.665070789069043,0.648484286770355,2.99247772994371,1.50710194608251,15.2866242423296,4.52013812990509,1.68693468535732,10.4815783775608,3.28729454980387,1.12093174772855,2.21047527948787,0.0662473387956596,0.283639326366914,5.63162165098533,1.17908727865275,3.71963312280206
"0600000US4103591870",6,0.108666399666712,8.25360991944222,0.246571971984589,11.5322383205524,2.31212775665323,4.89197169164272,1.81480693359802,2.58142416515409,3.24791480597334,0.478069729345006,5.16125259980591,14.2271402772331,3.7771611753989,3.18398073404338,1.44071533397426,0.562836450448629,2.87972784492718,8.04878055521196,268.743493122449
"0600000US4103593594",6,0.558510245467372,2.02856726774467,3.35405940007198,0.97640523218015,0.0962733768807978,15.1076458844686,13.82718988193,0.474441094307569,1.12494187735329,7.53086352806679,1.24558183470486,0.320202374137583,0.258847921819581,7.89741861927104,0.144761308213701,0.324368912007551,1.87695546470172,10.0956389802547,0
"0600000US4103791632",6,0.311535119924004,7.36558572156554,0.394777281034957,12.5620387942041,2.50694145889525,1.10859522094563,2.02110836185569,4.75021237183517,2.3261585632132,1.74167309723796,2.19768811767343,0.0000325123343100228,2.62804217561033,0.000707692691844233,18.0198991581506,9.28027784893706,0.0722067935627504,1.54752457831157,45.5655057543252
"0600000US4103990578",6,0.005447469677325,3.13824556367057,0.910016279786806,1.27404914249586,5.93731038226449,3.9266397005183,3.49104966312602,2.11171909714885,0.000234210953585313,3.66464981113431,2.05523241234273,3.88756903480859,12.5584356346625,1.71497250546845,2.47596623370632,1.50877332892313,4.72895792651333,5.74335277476012,182.262023017301
"0600000US4103992346",6,0.223045158843979,1.55933833721455,1.10148997939372,16.9440828061775,1.19544686853927,1.06127433161079,0.482809773165606,6.77945263000139,0.479739631527436,0.851616944090738,4.67264192885051,8.42950497246532,0.31561146386194,0.284906562326384,3.09753993330416,0.104567032148983,0.00148418594999324,9.26099828009968,102.522387947232
"0600000US4104191020",6,3.28624516212228,8.16746412486642,13.2880121395858,8.44701572424296,3.60353767626422,0.00931593241050602,1.38662274105677,12.26069155851,1.55116466712439,9.93662724504103,0.824604794828389,3.04721332039403,3.34244032999266,0.0556720300037873,0.933688078400207,0.497401004004632,3.46197429710796,2.19648576087732,3.71963312280206
"0600000US4104192907",6,0.918164030736638,1.84819127975113,1.1649544008967,1.33746607392434,1.25434352618251,0.677177122138848,0.00442988045893564,2.54989062012626,2.66828447631105,2.33757886270931,2.27029237571078,1.02403571708017,0.0371352568290196,10.3959812398908,2.52068745192629,6.74607601369685,4.24886727560031,4.43001370547357,92.9908280700514
"0600000US4104391292",6,7.92057603581363,19.4657667471421,0.580800571222475,0.742437227460632,1.70542178979802,6.95976345122455,0.0107520011931999,0.0814889589636127,1.70577098823284,0.285679107345969,2.22046618570555,0.0000364204389964444,5.93191362779762,17.578446911891,3.94643724758343,3.29865122577725,0.00411655216446854,0.84068963296501,59.5141299648329
"0600000US4104391904",6,2.84978134324446,0.0728750065389145,1.94932197978361,3.45764108414193,4.29626490283306,0.71489583850891,0.359344099125741,0.730987096613026,34.4957731733993,3.5147052392551,12.9138060570384,3.49940811061784,0.0135962634443293,0.779129808864145,1.6180210825321,3.84194214168361,7.07528920747139,1.86882992195774,0
"0600000US4104591768",6,4.14806461100354,0.00526272708423138,1.1450377240903,0.817952953839923,3.46816659686977,0.0539123831722962,4.4578485040338,0.756015586793797,0.346686549531328,3.83786846609082,2.87565877031037,1.94421384868196,0.201451114477667,0.146285697234957,0.0986292507657515,1.06971638824159,10.3045993056685,3.29966218176662,3.71963312280206
"0600000US4104592414",6,5.36644516056318,0.139135398675057,0.202948322740747,0.229150774817442,0.0563983994815433,0.145170586209265,1.72405855517415,6.95342916496686,1.30614865537406,2.16620048958961,2.93208629978743,3.4196098277739,0.523915431975088,0.479044239124027,1.33697838418046,5.39815617182791,19.3053566262738,0.0154779850380866,14.8785324912082
"0600000US4104991411",6,2.85418306391967,0.00402716353383947,2.60151905725374,0.916887592310266,2.68844332068924,0.0947434676611638,0.375920898852109,1.36157517891414,0.0252145768574732,9.47301162558466,0.238518389654034,1.03840332149181,2.6306886611734,0.00136583637661495,3.76823652763958,0.902122117756116,2.55749392177171,0.180347903329757,0
"0600000US4105790255",6,0.673866001312745,0.883062791075929,3.44557033652579,1.16759034381684,0.571478985862655,6.23436125604709,3.24665795801266,0.919249423329112,8.36780687450388,0.00988736384258654,1.47573833477171,2.40575077649955,0.827914978309923,5.1158591168898,16.9866508619159,0.0466929031539168,0.223635749028141,1.74989242210439,14.8785324912082
"0600000US4106193111",6,35.0149631720047,0.807424326519209,1.70754547473055,0.962696451456445,35.6417708046365,3.49818812830404,3.92799324543004,1.98984808149425,0.324672192098071,2.2873275984122,0.00414333102291129,1.5942023947631,1.63031956006356,0.271073680805725,0.327598063137684,0.00465028473629555,0.000392009013133064,0.340509378283295,133.906792420874
"0600000US4100992601",7,2.0130287772867,3.32204241149157,2.41805738661446,1.21904459794349,7.45236726830202,2.10803224305699,18.185496302413,7.72304320069248,1.20206619585784,0.776729982370086,0.377921181353541,11.4904720945832,1.05536009449814,3.76995518066228,3.4056257870283,0.996849688361791,13.8909949495339,0.972345388819114,81.6568320424942
"0600000US4100993332",7,0.549410567484371,5.20238208309927,0.529465617641937,0.548458514131427,1.03550864232075,1.83225228339529,0.401483030390772,0.448690367726629,0.0288341240173084,0.00599604110922272,15.5192271122782,15.3216637523268,6.13842093143279,3.00598148711608,0.734477951339921,0.29287941570568,0.0852702064772971,0.716643060459496,5.65490526610071
"0600000US4101192074",7,0.00244720732972768,0.0000808020404521051,4.76137483861475,0.558865448096818,0.00648661664455033,0.933278964351093,0.02179027094307,0.202895838266756,1.04320457447288,0.493471690514047,8.29945693495789,33.7174798756166,0.347458556585337,1.70314602258773,11.1548883764414,5.05747214265872,10.5994049805575,2.98904161711832,44.3344572862295
"0600000US4101991054",7,8.52354172092715,4.24445462058749,5.48185405286526,0.00678655167253341,0.201345843283231,0.0036528779024425,11.7948112092908,3.53186192383908,0.367560984494217,16.9829249179218,0.113435547282418,3.94081225490745,0.195754634366803,17.9224492814994,3.16102712619231,0.25636734371936,0.00709576777338429,1.58595826932962,14.4765574812178
"0600000US4101992244",7,3.92252005945066,14.7574800108518,4.01360996405737,1.17433362956047,0.100894892925942,0.503713454935667,4.37626739600473,0.0523984063246192,0.350234508306655,2.55006064854691,0.729757661566848,2.81474121158335,8.94490600729025,3.12100962406184,0.104223190353918,17.462474504544,5.78034188726797,0.410609105299489,57.9062299248712
"0600000US4101992652",7,4.23167380844166,7.81802637160527,0.000440282775492908,1.96457779438186,0.210885599402349,4.75128645860829,0.131545322644149,6.31575571328787,8.43581723184429,0.0352418022650564,14.8230204705301,0.166946975456529,5.42485297064785,0.948257894843941,0.509350253411275,0.304429414655707,0.688200880479887,7.81496273381686,3.61913937030445
"0600000US4102391462",7,1.97461928907321,0.0982672537651513,0.069208684887228,1.81807334603895,3.17300729072311,1.84244042276154,0.10424065214559,0.175208757974269,0.283343712196463,3.33396153044417,2.05530052931075,0.000338148966342618,3.92915519390693,1.03228226706698,14.7403192421673,2.67595355767737,0.0308632696969952,2.18402730544117,3.61913937030445
"0600000US4102992771",7,0.588024280358841,0.0651341043330618,3.33693649625271,3.82476823500419,1.40753256437787,5.42817087957581,0.211067574531416,1.26219566117539,0.427536920417363,9.16980932275742,5.65013423378362,0.881668621916646,1.640998430052,5.11305394736492,16.931995975051,0.344756576629147,1.54590228009542,0.00333751318060412,0
"0600000US4103392295",7,9.592353395606,3.18114867190254,0.330945592478357,0.686166779285741,12.8275266887403,0.457755782125834,1.00708837255315,0.54564887797947,2.05597039248562,2.63617107177081,7.63057656504792,0.00516174692803412,3.68127843735932,1.01041272612547,0.343001240309595,1.85023750763293,0.55471214938011,4.45026363712151,14.4765574812178
"0600000US4103393485",7,0.104484495204463,19.9132402139966,1.82093572237152,3.74731345064739,4.09423566820921,1.00532598416899,1.78918211571529,8.56347668172789,0.549090944561994,0.0896761145815999,0.715401584454906,0.388644079630206,9.87238321755227,0.369339530981224,0.181654787185152,0.289088945043272,11.0836536922804,3.59386354900469,0
"0600000US4103393519",7,0.28207412231402,0.433142769641698,4.46917116544476,0.0491494672752808,1.17929479621039,0.646924991109577,12.0577414588055,0.488404422616063,16.5513013413149,7.24283749828449,0.682601966037318,1.04083607915576,0.447070916501569,0.56226999297635,3.44878813940684,0.172821474396385,13.3013279650185,0.390840533173243,8.14306358318502
"0600000US4103590731",7,0.231279804218323,2.9943488754539,0.0430718331139816,1.59944551346748,6.36793019879966,2.79014454806556,13.0026289877272,0.00544065954035496,7.28386652483237,5.7652832476726,0.0185573180148555,2.5797792269975,1.72298460117235,9.35831458636988,0.0093711948641714,0.18508697845151,3.3467977455646,1.73922362394445,5.65490526610071
"0600000US4103591785",7,0.547131779088407,2.05156678154105,8.56112291514161,1.63027621069178,3.51804398614644,0.0165006896234566,0.0565228193449435,32.1101487879756,9.86386350581979,5.61463132250796,0.322942906725335,0.000137938600286756,3.31140636719083,3.06817332626686,1.61369820309575,5.57675139403738,0.487567064869575,0.00845929195940648,130.28901733096
"0600000US4103992482",7,2.76187715073473,1.44628110587276,22.6697237692265,10.7673900644229,18.8275359719439,4.50690888609283,0.601033341386957,0.380426531314735,1.49228070234248,6.26563744412071,5.3568860180939,0.0113712133950719,1.56764198952109,2.18086009545704,0.434543757065223,1.47288819490666,0.0368193406600498,3.78045676115392,8.14306358318502
"0600000US4104190884",7,12.9064373369084,0.369350921987747,7.1935257847983,10.1386165729434,5.24115430232544,2.29894140757511,0.00737127113802506,1.56951994248074,2.89258507667354,0.804433506566421,10.2495904060982,0.00427387146034004,4.18270631265012,0.422049168831528,3.32121262367889,13.5071107171177,5.78823101407784,1.86430771173276,0.904784842576113
"0600000US4104390374",7,0.135438887291236,6.3049504493527,1.3465485205286,5.10920300872737,7.92592765583739,2.01770807230531,1.32555302925425,5.42887632764738,18.7644516421313,1.9580028541075,3.07704296216703,0.834031292551166,0.0575253250611999,0.0120039953713526,1.8284156271807,1.61828334884128,2.30644192356479,2.4265395410574,0.904784842576113
"0600000US4104590340",7,20.5657087554759,1.68258330659597,1.10378173004251,12.8610187677999,0.0135206962585708,33.111036131447,2.81965309051705,0.0000283315950090171,0.0228201503656131,1.23415369354906,11.4175551445825,0.00765843304127381,0.781667014545286,0.0425490298520759,0.270416923978079,0.0719650591809241,1.10241795669335,0.153211137123539,0
"0600000US4104792006",7,0.0377190675395423,0.801076517942993,2.54202906294804,0.00211160282314246,6.52394119694843,0.131377021635409,5.11574376105361,13.1177256687069,2.11587771287581,0.0112302697128693,1.53442134039124,0.235707781491675,0.538341697518456,16.8113727459929,1.28720647230919,0.687894261371485,2.43445874642324,6.63815237453973,44.3344572862295
"0600000US4105790238",7,5.73176120223991,0.827355979197564,0.000736516561074088,4.38085321063771,0.0539644065263333,0.321066567330927,0.414571511988449,0.333386519102106,2.6014020131307,4.70486276690564,3.80404592246979,0.0377016458646699,24.3182598246978,0.0533256400776956,5.11281104193221,3.34206746221861,0.587325559029011,4.05030644471705,90.4784842576113
"0600000US4105792108",7,5.97727485116017,1.41366324970736,7.95926330268404,6.90194956383095,2.73223685681186,21.4981513377201,8.93356540502233,0.0988199858464167,3.80307531321016,1.62269698086556,0.53621909865317,2.60699862887328,1.48104395573605,0.0284982788734653,3.16942398208025,12.0235098691848,3.88916436738409,1.41115122912151,73.2875722486652
"0600000US4105992465",7,3.44438804405445,2.28004238384983,0.659045852986948,8.61880109774302,0.545054377620376,0.00730957759262983,0.658921770991402,0.353855242033411,0.159391591195045,6.41789293844947,0.0961782631163769,0.00895479501276941,2.62582412918127,4.69090950899699,8.82490843095485,4.21540950428637,1.49775118973269,0.0608769287957623,3.61913937030445
"0600000US4106191037",7,0.0000430849896166683,0.019582602227009,0.00182616225417189,0.0308627588032773,0.413869846806647,0.270203721314731,6.48394943732944,4.52478657688164,0.611048380484586,5.73657065791531,0.416665559092627,14.5183270220567,1.56041064207978,1.5733928460067,2.53537603834342,18.6817233512113,0.486197188901991,0.00799718609463644,5.65490526610071
"0600000US4106391071",7,0.177463634906048,7.47598311043221,5.50213634158265,0.590309106947284,2.18066927539563,0.023767144201164,0.0839347563883418,3.81501080710627,1.70276208457751,3.51695953675728,1.20575173630759,1.73460115762065,0.00621289957709709,16.3053888478012,2.18067053505503,0.780893046888225,10.2517101554474,5.14856545174838,6.84243537198186
"0600000US4106393366",7,4.39327977540219,2.7784817830219,10.4291070729741,12.2390257165008,0.0398415563777934,6.10302789399495,3.03878917158495,0.171677797148493,0.966704071109992,0.164823400058446,0.273333440474985,2.99052866197619,6.20867000010714,1.3835232959101,0.0127032772201499,0.142814771111573,5.87336255412005,5.73334022388403,90.4784842576113
"0600000US4106590935",7,1.03790922235446,6.59969898322818,0.395181497080487,4.33809559334304,2.09555992602558,0.00685021105405054,3.51087913529108,3.62132231753539,12.1157939016737,6.1266499998574,0.00125776526805353,0.532114431455872,3.48794911820372,0.826439585476197,6.73410597442822,2.95626780547338,0.497726489934682,19.4703789915505,3.61913937030445
"0600000US4106991938",7,6.42195583400607,0.0734807901201285,0.514745987919365,1.34834955112592,7.9855100288823,3.53801860190143,0.0200149593906114,1.31324080732115,0.462962553453971,2.89313691423438,1.24656448578704,0.282895212377819,2.62556288641069,0.838887247275826,4.10363000277311,1.18784981854087,0.000106828881227508,18.548986543659,0
"0600000US4100390680",8,7.10958721426923,16.5943347317518,2.36159034128043,0.311616917178201,4.96220995743235,0.822497279917224,6.87805342516693,2.56938306378313,0.553981582267322,9.30872306850201,26.7694674757932,5.68143148138439,0.269165040704137,2.9190695316809,4.78372767358665,NA,NA,NA,NA
"0600000US4100593536",8,2.17420989411398,13.3089395620536,17.0753909415096,4.4347073096405,0.502818890852318,0.00675571719575446,5.56784681997227,5.45590517752945,6.62274510313713,4.54415249416488,1.7508441667251,2.01663332985443,18.1130731777071,5.53708852665506,0.236233465362304,NA,NA,NA,NA
"0600000US4101190629",8,8.7057751984908,0.141609622936897,0.628938485272412,1.6674298726836,2.37871652199698,1.74739428541264,0.318113577945762,0.369496924209836,5.51007649295696,13.9875851009987,0.326472812929011,13.5673735351716,4.72796173803917,33.0341669420667,21.3200702489479,NA,NA,NA,NA
"0600000US4101792635",8,12.9550399029956,0.927917421111219,31.3179350496438,23.234525026881,1.68489940359818,3.27631176585085,2.71975237858723,1.12735241384035,2.90608426309609,0.0563850493698292,0.066106744935169,1.78327728650768,0.0463602247246564,5.00916417996952,13.622412007987,NA,NA,NA,NA
"0600000US4101792958",8,2.05435482411715,6.39694511656678,0.708541556021707,4.3615774981507,1.38390104807329,0.613597182304177,0.00591985764379023,5.49583052496749,0.00149433267871576,7.68587031048129,8.54768592929808,12.4916256138272,33.1472478694733,4.21651944750738,1.19593191839666,NA,NA,NA,NA
"0600000US4101992686",8,11.6165031357262,4.57279697526749,12.4321986561392,8.44152113148262,8.75105384734021,11.6576791689056,0.855604647729279,14.6143042116727,0.19927257730947,6.26881502601884,0.649841982626842,2.66695395766971,1.54952326089325,2.83504253232961,10.2708497181593,NA,NA,NA,NA
"0600000US4102990119",8,3.83293498699677,0.201734602239975,0.44600903063644,0.191112631395501,0.760583212524369,19.473864976241,8.35638485065386,39.8318568902517,6.62142539364918,0.0911259519215521,3.85139539308464,2.71742299124346,0.391503171619176,0.343757028653473,13.7347613220802,NA,NA,NA,NA
"0600000US4103391241",8,3.30883249823093,19.8392642873543,3.62391584863637,8.66052774214457,6.59982551877893,2.6789858066307,5.71208309052034,6.00978853329268,2.59224593859617,0.0652609045682253,6.80179092963311,6.37885112611447,11.7168913498237,3.12284753678666,0.0590583663405759,NA,NA,NA,NA
"0600000US4103591581",8,12.2138482823897,9.20279241379464,6.49749652140048,5.89939475263329,0.711865454467538,4.69697892484945,2.25221220779207,2.51006073348488,0.626080509084096,11.0043492866737,6.62089209806279,1.30271800336588,0.23568690364531,23.3367350194673,23.6233465362304,NA,NA,NA,NA
"0600000US4104390068",8,6.9177717965222,6.30703855382024,9.75965182509415,0.774252512911099,0.219206058348777,3.57628898664678,2.30367045418941,0.000140738244335652,9.83638934321494,10.3401612450756,27.6713486896866,0.789274105804519,6.92850570485075,1.68741109670167,0.014764591585144,NA,NA,NA,NA
"0600000US4105392754",8,1.32675906352234,6.12884351702191,0.965491114423466,9.94497420541893,37.0878244929778,0.617922383107729,24.6702954453998,0.686200150320118,0.00163746197864208,0.867796617850854,0.639958629099447,2.50342474757344,0.551459855879236,1.11852342653749,0.0590583663405759,NA,NA,NA,NA
"0600000US4105991334",8,9.41821220760075,0.38464316559378,0.965660911097026,2.46716648495281,0.00000854198524131952,39.9077731236309,9.75662362530775,1.11685882330748,6.84059657711819,2.80333606827049,2.35954435891239,6.08271167321984,0.150420849772804,4.85755470034155,17.5735551342176,NA,NA,NA,NA
"0600000US4106791156",8,11.2344919580734,1.31477647538546,2.43241131937096,0.00397425015241199,26.1314120755906,4.00790880586904,22.9944534679589,11.4292891346588,2.17743149841005,0.659957290939648,0.511024917876343,1.76027812512229,0.633853612667814,1.81984817903547,0.623803994472333,NA,NA,NA,NA
"0600000US4107191734",8,0.135744689266811,3.89766103256776,1.76682497558001,0.223699863466428,0.00246148188241028,0.0158395845074272,0.934452513438322,1.01878237610821,48.5805867838394,2.98116792212562,0.655887736914277,13.9367425311058,9.47302906114936,3.48823055915931,3.77973544579686,NA,NA,NA,NA
"0600000US4107192125",8,0.329267681017438,4.11403585586753,2.35127675722735,22.7168531342416,2.15654682748449,0.233535342263993,0.00786697102769636,1.0980836376621,0.263285475997012,22.668646996372,6.11107146775631,19.6546148253685,5.39865151238366,0.00737462644139029,2.30696743517875,NA,NA,NA,NA
"0600000US4100592261",9,0.207077499558426,3.81301451642616,0.105108611155454,3.78655049543139,0.436687458419295,39.7868039746592,16.230722497796,7.24876606240763,9.38526888414638,11.8407326374123,NA,NA,NA,NA,NA,NA,NA,NA,NA
"0600000US4101790306",9,4.57488993356368,9.20816373856482,3.27125039801181,0.108535747548302,24.8353407961392,0.220385758210236,25.3874801345995,6.37348884241457,7.02046465094796,4.78018134181971,NA,NA,NA,NA,NA,NA,NA,NA,NA
"0600000US4102991836",9,7.90656599986003,1.95827436204886,0.0713302977616031,1.45293078506188,0.785203237809822,18.4176109056572,31.7792073137436,13.9916334462541,4.63724365180273,0.246910193275812,NA,NA,NA,NA,NA,NA,NA,NA,NA
"0600000US4103991105",9,0.138440373514851,8.04958276688301,18.6478845021949,12.6412452668657,16.6558397083478,6.99137200018885,3.70253987029787,9.02902067964236,5.14407483206442,4.35549580938531,NA,NA,NA,NA,NA,NA,NA,NA,NA
"0600000US4104792737",9,0.00264966862141141,19.9183488153043,36.3638143366422,2.24946404383709,10.8399289214967,1.29976652566158,1.72330175651389,0.0108534355675879,8.59187249635518,41.0883252630278,NA,NA,NA,NA,NA,NA,NA,NA,NA
"0600000US4105191249",9,4.21728840806773,19.9895912677415,1.79553946476518,15.5917869523397,2.85013703923301,1.00090243128472,2.66747522678935,21.696946418563,11.1903327912157,15.8022523696519,NA,NA,NA,NA,NA,NA,NA,NA,NA
"0600000US4105192518",9,51.676266215465,0.328767614662474,2.410190220251,18.6209289217858,1.32847920241335,0.00238865353061126,1.44849395796523,4.91747857892197,0.267006635004573,1.42220271326867,NA,NA,NA,NA,NA,NA,NA,NA,NA
"0600000US4105192520",9,1.02023477403211,13.7287589297965,22.9994651835554,6.24135251435094,30.2730370835909,0.00842396062874158,1.36037310601641,5.15888259286289,0.209471855166008,60.4738618125949,NA,NA,NA,NA,NA,NA,NA,NA,NA
"0600000US4106790289",9,12.3155084410607,4.72853890515296,0.0432799315185219,24.8832833997155,0.705245840439386,21.8679976216711,2.5038117815822,13.5714477497994,0.380886329060228,0,NA,NA,NA,NA,NA,NA,NA,NA,NA
"0600000US4106792678",9,7.94107868625609,8.27695908341926,4.29213705414369,4.42392187306365,1.29010071211041,0.404348168507507,3.19659435469605,8.00148219356636,43.1733778742369,4.78018134181971,NA,NA,NA,NA,NA,NA,NA,NA,NA
"0600000US4100590272",10,1.33995992206289,5.56643305467048,5.02453211521644,0.254305572869267,6.50684837792001,9.294196533308,6.82228539524963,7.0702867324834,0.367472113265477,0.541124662584351,7.14954428802321,2.85370390748286,2.11710697674671,8.25269770376127,4.60608825200036,0.61247058147923,0.62003024673581,10.6965271007166,2.6428272744152
"0600000US4100591955",10,0.818576607573893,9.48494298844596,0.325285115240569,1.71241393152336,4.45589174683506,0.610873446636234,0.275999757558306,0.045371000669455,1.98828447121162,1.17306904954049,3.50275110230756,23.4740129114946,10.9988975403733,0.442398262952386,12.1049751115328,1.21097945135126,0.000638275197410884,1.83347591562058,4.69835959896035
"0600000US4100592023",10,1.05864287165575,5.09869387857971,5.41942841538106,2.93117379736553,0.0229683167057486,4.27858821143841,0.117305572981938,1.40706619702912,1.32701159097512,0.491388025464705,6.81499386400206,3.65279277771726,8.90035013250155,4.30616502467857,3.29005678373566,0.201612166824074,0.265658999403537,1.8122315754928,1.17458989974009
"0600000US4100593587",10,2.58691890569431,1.06390070747418,0.0000066471340301031,0.0958261473560753,0.342834178226112,0.548906676206042,2.04907489069515,12.780302979573,0.737989128511848,0.0203474391259644,1.19722490301244,0.696685954101171,0.163166694106893,1.29556739964328,25.2376226811231,0.0315111551461207,0.762228586308897,18.833257784828,2.6428272744152
"0600000US4101191003",10,4.14716262653249,0.286238064768391,2.24661733420671,15.7967582308893,2.56423580631676,5.34774103329054,0.00693618012913303,7.66001345510752,1.26712831746745,1.66430005573177,0.825270723172532,0.339671230014941,1.42106908857988,0.286700708567664,1.31561137620423,5.74582511704208,1.86766962465755,0.843155054024873,18.7934383958414
"0600000US4101390765",10,0.427268832893151,1.44726245564191,0.0186287786799326,4.22329375180301,4.5824501613101,1.97648298744746,4.23659592956601,5.94256949331,5.16405988722284,0.153776372479662,4.54705894188414,1.06338180845666,3.83182034585047,0.22675264493918,4.46433064362917,3.75107957745734,1.38753897178004,0.668979647288416,1.17458989974009
"0600000US4101590357",10,3.50554365976379,3.39410323134338,1.3685301693303,2.1050352107257,7.06885339880867,9.53916113147825,0.103524519521353,12.0333605305499,3.87683508827992,6.07654129411725,0.704308120610948,0.22372931378251,2.86182323090136,7.29166562799886,0.19071960438686,0.0119550816781318,0.822856724705645,6.82048719707274,0.660706818603799
"0600000US4101793247",10,8.32737938407904,13.1983082895946,5.43040119742737,1.94534327865949,4.21005011800172,0.0000350323487772344,3.76226938830761,6.99984389819505,0.228404606253695,2.304985331014,0.142806307023163,0.0305558138644632,1.32557732396733,8.88972393663567,0.363309218966086,0.228832545072414,14.9215685644002,1.81278892291475,1.17458989974009
"0600000US4102791343",10,0.96839332502381,3.07780507349975,0.443905935295894,4.02817442686757,0.0237215942537511,3.05527915542799,0.533436747466318,0.00003978929520712,0.278087712509395,9.57178180884346,32.3125292035302,1.02502495138065,5.88581052840983,0.945006858751024,1.52277528419445,4.96478525233372,1.04673169471595,0.166233674624219,4.69835959896035
"0600000US4102990952",10,12.1114923112172,1.60512705021471,0.723042093912225,3.56151166206948,5.62983964944108,0.616637953415264,0.838017906068017,0.745184773359884,26.0771259195415,0.00813476292420559,5.54527168380512,1.9260424859621,0.014583150452502,7.0740094387499,0.475791273774202,2.74382650669718,3.69471711932264,1.85551065077278,4.69835959896035
"0600000US4102992873",10,0.0755174202101832,1.09884318973931,2.74478790450914,0.591892643841371,5.08718574895379,3.91125764842975,2.0004103260833,3.55480517859141,10.4252990479646,0.0554126968569527,0.000517368803362401,2.78165389708855,0.679973560628783,0.0953076596981682,0.466683480143445,17.3271994888293,1.01684644687654,0.069664072167934,2.75409213796479
"0600000US4103190782",10,0.0617292952323812,2.17920380875348,1.17141632634483,1.4507394243499,0.0000884600686431313,0.10673591684982,5.92253971506409,1.74586421007721,3.01901533499541,28.6593291150265,0.131633554843292,3.16965627877068,24.9824411944879,0.353920471016332,0.0121723018094694,1.80728700067914,1.70736475971514,9.64385821560922,2.6428272744152
"0600000US4103990748",10,1.36086682663836,0.0445743556904233,0.731723068178506,2.81068671732152,1.64512542761369,12.2264451480504,1.84447004349602,6.72240518219767,0.000377195555782865,2.48271785767757,3.5725133503799,0.441243662165664,3.0710120969236,9.07863439826582,7.34018028450519,9.12632535654155,0.166193347197251,1.44431289118351,2.6428272744152
"0600000US4103991513",10,1.10143084863874,7.58274540855176,1.18665462232464,13.9383636562809,1.10198293446538,0.336040023442396,2.21524505171681,2.25498671940924,2.24761592070968,2.27980561662166,5.40246944439805,7.75464282092107,1.00533118141647,8.9722557192341,0.376283823346774,0.473994222216303,1.4587002068508,0.201852062503286,29.3647474935022
"0600000US4103991719",10,0.545139316280513,0.0206801435017555,0.18549702222429,0.70081149779891,0.0273745257746342,34.7142306479481,0.209084527348393,1.73490254387826,0.00925468794138727,2.18124187511188,2.33807470708065,1.02740699621291,6.08724993294574,0.549660232963131,3.88469591037318,2.74256233461049,0.0824428190720033,9.4309339552786,23.7854454697368
"0600000US4104193230",10,2.09422789929884,1.6617022527732,0.0773894245465204,1.03424856141516,0.0030046864343814,0.0229861442186811,0.0702892914077733,4.13701644878588,3.52986651709857,1.66549774928652,0.109420341747654,0.298324571792268,1.86940558585241,0.0389524617901172,0.0384302526658596,0.110901195133302,16.4440900236709,13.8503047419173,1.17458989974009
"0600000US4104791360",10,3.99776113931669,0.277584647043452,0.0302213272582785,6.59339970154952,0.683185621964151,0.26243600014262,7.57828802288886,5.53477312385326,8.48217532083744,0.0250464939793661,2.05896143330406,0.917974496109941,1.05983263275162,0.00367828543301517,1.3586084369589,0.500527125116527,0.107844466777604,6.11897022087437,16.517670465095
"0600000US4104791428",10,6.26211758228477,0.551323367501557,3.39375529017569,1.99500161793379,1.45509528116027,0.363727562834489,0.0888529529634365,0.184078712431404,5.03684740966396,7.4058565428518,0.0701252603658332,14.9961582494064,2.17520218324015,7.26334175404531,0.39442211657245,1.38135520142344,6.59375969055934,0.339661415403868,4.69835959896035
"0600000US4104792941",10,6.05742337102655,5.73765937791237,6.25400771204822,5.36559933716505,23.8031282221802,1.40833650408574,0.375101074160701,0.00761796423193576,0.0195349760171723,0.743931385182364,8.27206306348912,1.62894589265759,0.178892383123437,0.0255220244400729,0.484596594571987,5.57403834930408,0.870919171630576,0.608242381560663,10.5713090976608
"0600000US4104793128",10,0.261898524904253,8.1646980914488,3.24435054875126,7.00358425933374,2.86901653497981,2.37754123061068,2.4901197626244,0.0405309157335974,5.75912616131145,21.7513413807325,0.341721393610905,5.07448068805478,4.1368544569251,14.4820331193845,0.421646681787726,0.775233357395084,0.00995022690298281,0.00575489067789086,42.2852363906431
"0600000US4105190663",10,6.75809002875433,0.535836692542444,0.0530001871491654,0.0408842470470871,0.928228503731157,0.350920004582747,25.8287119776923,1.74190777504855,4.25080557353742,0.276693211666504,5.48184882642965,3.41151413971362,0.117480870024298,2.9689211821617,0.00144324368536937,6.01970170640178,5.8861185375495,3.98819846754884,0
"0600000US4105192975",10,13.6460749340627,0.0547107469469443,7.76329944132075,0.251697093385197,4.0059085671054,1.33187473686668,2.28056642208513,7.2227229098633,2.3343650572588,0.128479572123158,2.77429605827374,3.53044748516041,2.34999239453327,7.86295929845503,6.74975358255509,1.91991475415212,4.44362710816352,0.958101751609011,4.69835959896035
"0600000US4105792091",10,12.4333791170426,2.65614758454867,32.5352295943617,0.448000596989244,0.340858860377801,1.04182157787548,2.13347673649467,2.82414168708878,5.17134885288977,0.0444352247496546,1.01436524757771,1.79480990568595,0.427121261023915,1.28049584851677,0.0440214239421081,0.0447143725922992,4.96239579989941,0.0372218781295642,4.69835959896035
"0600000US4105991929",10,5.67708751542695,8.70769198035233,0.812114338569228,12.3069411112035,2.9280359350782,0.28970449495423,11.0955730782187,0.0654727360401206,0.114766332594044,1.51712237759064,0.466563021185256,4.29014120463353,9.33209922428107,2.30795540349643,10.2061581422684,2.8108089581337,9.87685249490134,2.42378589820253,14.3887262718161
"0600000US4106790510",10,0.162850170471272,0.659610614058242,14.1090764274151,0.156267991202642,2.21864329968929,1.56730325270505,3.31048584489857,2.10246720227754,1.88178497072156,0.0606342059392413,0.0777491865872328,1.00157891198388,1.16730889584225,0.666321058358327,4.46240169132958,24.3425138106955,6.25921662167452,0.538988410485226,4.69835959896035
"0600000US4106792210",10,0.0260559148343995,7.77944638399113,0.0376777501665954,4.54787414226395,6.37133020507351,0.678107058852892,0.0000109737542539245,0.290018156932509,2.41586313066298,3.0734048487543,0.00900956354901371,1.42030925901236,0.0489011989781304,0.876661276833645,6.27816095270291,0.859849793224077,1.8086440683101,0.293015888078012,2.6428272744152
"0600000US4107190459",10,0.48330794537632,4.36102285670734,0.965717509127868,0.406467687085907,7.42041013382694,0.0389261828494375,10.1076242078552,1.44854598028314,0.285850971297357,1.93989734031978,1.43320533729948,7.47140668266944,0.086992231428162,0.458988495525973,0.205357147530898,0.976491834766084,9.21169169931699,1.00078163171069,0.660706818603799
