"AFFGEOID","long","lat","cluster","pvalue","realm","er_fraction","X1","X2","Civilians_Employed_Over_16_delta","Gini_Index_delta","Median_Income_Households_delta","Number_Employed_NAICS11_Industry_delta","Number_Employed_NAICS71_Industry_delta","Number_Households_delta","pct_bachelors_degree_higher_delta","pct_highschool_graduate_equivalency_delta","pct_highschool_graduate_or_higher_delta","pct_less_than_highschool_graduate_delta","pct_some_college_associates_degree_delta","Percent_Population_Poverty_Status_Determined_delta","Population_18to24years_delta","Population_25years_older_delta","Population_Poverty_Status_Determined_delta","Total_Population_delta","RetireTotal","RetirementIncome","NoRetirementIncome"
"0600000US4100190204",-117.713835101826,44.758783818204,3,0.636871185347498,"Cool Temperate Moist Forest on Mountains",0.614476678043231,0.0918553132062207,0.224401342441987,-65,0.00980000000000003,8128,25,-173,-140,5.1,4.1,5.10000000000001,-19.9,9.4,-10.2,-43,29,-337,-92,4532,1289,3243
"0600000US4100190969",-117.346944611165,44.7905508728897,2,0.338685852111697,"Cool Temperate Moist Forest on Mountains",0.331476323119777,-0.582300468805655,0.305226902090758,83,-0.0803,15972,99,-18,71,-3.5,39.9,-0.600000000000009,-64.9,25,0.4,17,235,287,177,457,158,299
"0600000US4100191258",-117.057660374042,44.9588908559638,5,0.779417912263318,"Cool Temperate Moist Forest on Mountains",0.490584452864852,-0.300314600545564,0.313307246616097,-41,-0.0368,9855,-23,-30,-7,1.8,-15.8,4.30000000000001,-13,-33.3,-8.2,-25,22,44,-23,522,198,324
"0600000US4100191377",-117.445580433424,44.4409492340332,4,0.803290279730782,"Cool Temperate Moist Forest on Mountains",0.763684326225544,0.276673373066843,-0.488344934826239,-8,0.1005,4152,-42,-7,-30,2.3,-2.7,-4.3,-23.7,26.3,-15.3,-13,-52,-120,-239,213,55,158
"0600000US4100193555",-118.055306303975,44.8761269141807,4,0.881034838769448,"Cool Temperate Moist Forest on Mountains",0.739987771323754,0.247875916030739,-0.485402059919646,-341,0.0767,3785,-90,68,-65,3.9,-23.9,-4.7,-21.1,-35,5.1,-74,-106,-139,11,801,304,497
"0600000US4100390680",-123.298507308308,44.5848816454769,8,0.672401853730268,"Cool Temperate Moist Forest on Mountains",0.888779284833539,0.68691186530485,-0.0097821574406817,2779,0.00639999999999996,14712,-438,433,1757,5.7,2,1.7,-1.9,-1.90000000000001,-2.9,632,3526,2755,4935,27693,5233,22460
"0600000US4100392142",-123.141017851825,44.671215547785,2,0.810418612239233,"Cool Temperate Moist Forest on Mountains",0.525189722958764,-0.682291177023743,0.336136375012796,568,0.0127,23021,22,104,370,5.09999999999999,-8.2,2.40000000000001,-9.2,19.1,2.1,117,856,1324,1376,3526,882,2644
"0600000US4100392176",-123.426521207914,44.6471134532219,4,0.731840261801883,"Cool Temperate Moist Forest on Mountains",0.939056728856899,0.0935953241857971,-0.497227812684481,257,0.0689,2875,-45,80,48,2.3,2.3,0.799999999999997,-0.299999999999997,-9.09999999999999,-2.7,152,171,328,191,1602,371,1231
"0600000US4100393009",-123.327958351441,44.3851705128957,5,0.512660267657877,"Cool Temperate Moist Forest on Mountains",0.488529855148456,-0.364741618591249,0.287654133558701,-59,0.00480000000000003,12921,134,35,10,9.6,-9.2,1.10000000000001,-13.2,8.8,-5,15,21,115,218,1557,324,1233
"0600000US4100393077",-123.558223315573,44.4052028264072,2,0.991352450780934,"Cool Temperate Moist Forest on Mountains",0.371676136363636,-0.861377839061283,0.301650581585958,158,-0.000700000000000034,23094,124,23,31,1.09999999999999,4.3,4.3,-0.599999999999998,2.9,0.699999999999999,-25,222,349,229,1340,336,1004
"0600000US4100590272",-122.546609134163,45.2885405153644,10,0.842895102058958,"Cool Temperate Moist Forest on Mountains",0.601798607808379,-0.343491119600842,0.375722698387429,400,0.0025,17321,109,105,370,14.9,-31,-1.8,-8.9,13.3,-0.9,27,894,1559,975,2799,755,2044
"0600000US4100590442",-122.668750343765,45.2701509447544,1,0.5301470572908,"Cool Temperate Moist Forest on Mountains",0.504604051565378,0.183468474368725,0.22086820736729,1794,-0.017,17771,210,198,663,0,-10,0.399999999999991,-13.3,18.7,-3.2,-270,1777,1518,1774,7042,1621,5421
"0600000US4100590595",-122.382935334316,45.1480240205721,5,0.757682153408044,"Cool Temperate Moist Forest on Mountains",0.358547008547009,-0.291074693335166,0.233684142742455,132,-0.00509999999999999,11214,18,-39,116,5.4,-2.6,3.8,0.200000000000001,7.4,5.4,-10,161,293,105,1783,616,1167
"0600000US4100591088",-122.04760655124,45.1055427520919,3,0.462078935680531,"Cool Temperate Moist Forest on Mountains",0.766484491447228,0.116866447801997,0.275874296147922,-7,-0.005,10610,-159,41,221,1.7,1.3,1.8,-2.4,6.8,-3.9,-117,314,-1008,-909,5889,1466,4423
"0600000US4100591955",-122.444641711897,45.0168789965747,10,0.622432866351549,"Cool Temperate Moist Forest on Mountains",0.571240601503759,-0.184317715375779,0.362442232184547,343,0.0289,12462,-18,-189,93,5.1,-1.7,4.19999999999999,-5.6,14.9,2.9,-303,682,522,1555,4773,943,3830
"0600000US4100592023",-121.966106609307,45.3516225178225,10,0.661128086189656,"Cool Temperate Moist Forest on Mountains",0.81328447091159,-0.180140534644309,0.441142897305157,-52,0.0378,13579,24,-144,325,0.300000000000001,-14.4,-1.39999999999999,9.3,12.4,2.8,67,1072,998,840,4252,1248,3004
"0600000US4100592040",-122.540704819286,45.2248649118871,5,0.585159839811265,"Cool Temperate Moist Forest on Mountains",0.923852295409182,-0.350667609262516,0.184930464764603,-353,0.00700000000000001,11318,33,-70,11,-1.9,-0.700000000000003,2.59999999999999,-6.9,8.5,-2.9,-74,-18,-354,140,1764,675,1089
"0600000US4100592261",-122.599995584849,45.3875851975384,9,0.954260747268684,"Cool Temperate Moist Forest on Mountains",0.54228764182766,0.924120647064441,-0.242253050648836,18225,0.00609999999999999,17122,330,2802,7958,6.4,-0.100000000000001,0.700000000000003,1.1,-1.9,-2.1,1251,20607,22161,26238,105507,23210,82297
"0600000US4100592618",-122.45453753443,45.3417582727744,6,0.432197467006414,"Cool Temperate Moist Forest on Mountains",0.890250809978023,-0.23552411444739,-0.448384165845037,128,-0.0213,382,140,74,112,8.5,-27,8.60000000000001,13.1,20.9,-0.3,-47,180,-42,-198,2371,851,1520
"0600000US4100592788",-122.327736069855,45.4212339827624,1,0.572627507780986,"Cool Temperate Moist Forest on Mountains",0.711616694289589,0.285878684466396,0.179470851485661,2067,-0.0416,17609,230,-44,726,0.400000000000002,6.4,-1.8,-5.9,-1.5,0,580,1946,3145,3416,8110,1773,6337
"0600000US4100593536",-122.786883334516,45.2919282097897,8,0.83265791522479,"Cool Temperate Moist Forest on Mountains",0.784588684484554,0.586741637729431,0.091851831698846,2960,0.0284,18696,248,96,1743,7.5,8.5,3.09999999999999,-2.7,-7.2,0.5,451,3156,4026,5582,10776,2226,8550
"0600000US4100593587",-122.686065879004,45.1614807232235,10,0.746939814197861,"Cool Temperate Moist Forest on Mountains",0.799407449209932,-0.385736315624379,0.358135306765839,318,-0.0081,16449,119,28,66,2.9,5.3,3.90000000000001,-3.7,11.8,-7.6,132,511,-201,466,2342,621,1721
"0600000US4100790153",-123.76117483984,46.0997456705501,1,0.602130908984397,"Cool Temperate Moist Forest on Mountains",0.604566762437623,0.368067685125925,0.116594332248097,57,-0.0312,11750,-48,-36,84,3.3,7.6,-0.700000000000003,4.6,-8.6,-5.6,-343,1706,1509,1184,10677,2967,7710
"0600000US4100791445",-123.525005956451,45.910537736906,2,0.356381808837719,"Cool Temperate Moist Forest on Mountains",0.701536268609439,-0.59056796321844,0.288879374129798,124,0.1259,16168,-26,31,33,7.6,41.7,-4.5,-71.6,29.9,0.9,15,199,317,288,458,98,360
"0600000US4100791598",-123.491608123902,46.1506942917445,2,0.534641142333934,"Cool Temperate Moist Forest on Mountains",0.653245151584968,-0.676578759822087,0.236135617756411,-218,-0.0154,18483,-141,14,-132,5.5,17.9,6.2,-30.5,12.5,1.5,-8,-94,-106,128,786,299,487
"0600000US4100792839",-123.839784120192,45.8829691364007,3,0.782382961528008,"Cool Temperate Moist Forest on Mountains",0.671026226558716,0.101159896273014,0.00564655214674128,869,-0.0573,7058,-19,-52,58,-2.1,-8.4,2,1.5,5.6,-9.1,273,409,634,644,3879,1018,2861
"0600000US4100990544",-123.184044786434,46.0663154849855,6,0.406422052324954,"Cool Temperate Moist Forest on Mountains",0.32847331466063,-0.293581243929438,-0.457298719362869,285,0.1142,5,67,-38,-42,-1.6,-9.7,5.59999999999999,-8.7,7.8,2.6,122,-152,-316,175,2611,634,1977
"0600000US4100991190",-122.921564425154,45.9837432534877,6,0.665606614033086,"Cool Temperate Moist Forest on Mountains",0.888007669513683,0.11933904007782,-0.355414098112634,-86,0.0545,-212,-42,-2,27,2.3,6.8,-0.599999999999994,21.3,-31.3,6.7,-8,178,48,163,930,329,601
"0600000US4100992601",-122.980809518595,46.0825076753109,7,0.416909617771596,"Cool Temperate Moist Forest on Mountains",0.288565747124866,0.137576418453251,-0.243651648017403,1,-0.00589999999999996,5471,-87,-13,121,0.600000000000001,-4.8,3.59999999999999,2.6,-0.0999999999999979,-7.5,-21,741,924,762,1727,531,1196
"0600000US4100992703",-122.929105154704,45.8653902593692,1,0.786999906321292,"Cool Temperate Moist Forest on Mountains",0.880365775525657,0.361031836623298,0.10103381956259,745,0.0508,6441,90,219,413,-0.900000000000002,5.1,0.900000000000006,-13.9,7.8,-2.3,-98,1649,1102,1051,9160,2443,6717
"0600000US4100992805",-122.879530473797,45.7655275868207,2,0.910409593235915,"Cool Temperate Moist Forest on Mountains",0.657549126098548,-0.744941246910464,0.320420664145126,1156,0.0547,24596,109,164,159,7.2,3.4,4.5,13.9,-18.1,-6.6,-73,516,384,648,3910,869,3041
"0600000US4100993332",-123.207027822043,45.8804498676762,7,0.874347265309831,"Cool Temperate Moist Forest on Mountains",0.896156713888701,0.188907085139896,-0.28731664940305,-211,-0.0109,6880,-97,-35,-67,1.7,-17.7,1.8,-12.5,39.8,0.8,-61,-33,-174,-430,1333,372,961
"0600000US4101190221",-124.366429469947,43.0330146836925,6,0.370978982373758,"Cool Temperate Moist Forest on Mountains",0.595952607454813,-0.316336966271596,-0.505349446402349,-233,0.0166,-836,-211,238,-84,-0.600000000000001,-10.4,-1,-50.5,54,1.8,464,45,727,656,3043,928,2115
"0600000US4101190629",-124.296239908858,43.3233785364882,8,0.686490799075927,"Cool Temperate Moist Forest on Mountains",0.3254617014835,0.433483803686966,0.0771567201914011,1206,0.0214,10512,148,91,318,1.4,-1.8,0,-1.2,-2.2,-2.5,-603,1001,34,624,13170,3710,9460
"0600000US4101190646",-124.218745953282,43.1914815986307,6,0.427195477368944,"Cool Temperate Moist Forest on Mountains",0.205552589428724,-0.274393088398368,-0.434432712334,-306,0.00680000000000003,-93,-52,-52,171,-4.3,-11.6,5.59999999999999,-8.7,20.8,1.4,-268,-105,-357,-138,3403,1166,2237
"0600000US4101191003",-123.971967744231,43.3849525864943,10,0.639605011969875,"Cool Temperate Moist Forest on Mountains",0.852097902097902,-0.42566745284738,0.347461522478703,347,-0.0507,17385,208,-91,-73,2.6,-16.6,-0.5,25.3,-0.599999999999998,-6.9,108,29,133,-81,2384,831,1553
"0600000US4101192074",-123.974501955781,43.0905432853936,7,0.814691346416485,"Cool Temperate Moist Forest on Mountains",0.958699946130364,0.0570394171645905,-0.234456699922288,-174,0.0374,8340,-16,52,40,-1.4,-7.7,5.40000000000001,7.8,-1.3,-4.5,-22,264,195,-144,2006,499,1507
"0600000US4101192159",-124.134480288095,43.5268735261175,6,0.436057364483571,"Cool Temperate Moist Forest on Mountains",0.954986057628469,-0.22864944479868,-0.430580023581045,-361,-0.0301,557,127,-109,1,-3,-24.2,1.2,31.1,-6.8,3.8,-70,31,122,-885,2489,834,1655
"0600000US4101192567",-124.007196907035,42.8404218073795,6,0.905584185115306,"Cool Temperate Moist Forest on Mountains",0.300625711035267,0.270002157357322,-0.156410220627297,53,0.0935,-5178,-11,9,85,1.9,-37.3,-4.40000000000001,-10.9,48.2,15.6,-111,131,151,335,530,151,379
"0600000US4101390765",-120.232975414441,44.0518554521756,10,0.576852982272427,"Cool Temperate Moist Forest on Mountains",0.479658330398027,-0.336883803803239,0.301305844336655,259,-0.0479,12969,-46,26,254,1.8,2.9,-0.599999999999994,11.7,-9,-6.4,-102,757,632,763,1816,686,1130
"0600000US4101392550",-121.016515207508,44.2521113579655,2,0.847463510499166,"Cool Temperate Moist Forest on Mountains",0.34835299770434,-0.983599622241498,0.219223652868851,282,0.0893,28465,24,100,-11,-0.5,-39.3,2.09999999999999,45.4,-6.1,-6.5,152,270,267,360,965,391,574
"0600000US4101392592",-120.596100076859,44.3945909959652,1,0.559248879386333,"Cool Temperate Moist Forest on Mountains",0.263227041534506,0.242699527232532,0.0959845858924988,917,0.0356,6993,-46,142,600,7.4,1.9,6.40000000000001,-1.8,-1.7,-2.7,-7,863,1099,373,6807,1980,4827
"0600000US4101590357",-124.136715366975,42.3001405246496,10,0.806862091846452,"Cool Temperate Moist Forest on Mountains",0.647623201046664,-0.20354948385228,0.42005690346389,-162,-0.0507,14453,27,-100,-104,8.2,16,1.60000000000001,0,-20.8,0.9,-221,127,-153,-290,4010,1151,2859
"0600000US4101591207",-124.360101635817,42.4959045436815,5,0.474834542770912,"Cool Temperate Moist Forest on Mountains",0.954674394400114,-0.173990369809126,0.159564458772496,-61,0.0473,10136,133,106,258,-0.899999999999999,-4.5,2.5,18.6,-11.2,-3.7,-86,662,443,747,2575,815,1760
"0600000US4101591275",-124.020803591004,42.0839923701521,4,0.387672055257942,"Cool Temperate Moist Forest on Mountains",0.3938340972941,-0.0749455567337655,-0.437851429903226,-78,0.026,2667,-97,-86,257,1.9,8.99999999999999,-9.60000000000001,-12.6,4,-1.6,104,504,725,249,2557,1067,1490
"0600000US4101592533",-124.343939907765,42.8203983197751,4,0.474903766937453,"Cool Temperate Moist Forest on Mountains",0.715537931754148,0.111087186167687,-0.423479011889118,-162,-0.0271999999999999,1218,-90,-31,-191,5.7,-9.1,4.3,-1.2,10.4,0,-41,-408,-707,-404,1374,335,1039
"0600000US4101790306",-121.203114327309,44.0822269961844,9,0.879298456441612,"Cool Temperate Moist Forest on Mountains",0.687920875420875,0.863286023137838,-0.133928279697883,11497,0.0227,14167,296,104,6249,6.1,-6.7,1.2,1.8,-3.40000000000001,-1.3,758,14726,17898,20493,42738,9296,33442
"0600000US4101792635",-121.18908148288,44.2736702502031,8,0.780497621132135,"Cool Temperate Moist Forest on Mountains",0.5185086862337,0.624895563709992,0.0086724611667017,5185,-0.00540000000000002,21466,-177,910,1378,1.5,-11,-1.40000000000001,5.8,5.1,-6.6,-138,4715,4128,5616,15285,3286,11999
"0600000US4101792958",-121.220970154923,43.8634418370485,8,0.829761627543712,"Cool Temperate Moist Forest on Mountains",0.799059220841877,0.571605451031651,0.0935432778930722,2636,0.0194,18114,342,278,1629,3.5,-2.6,1.60000000000001,1.1,2.2,0,555,3579,3968,3710,12853,3600,9253
"0600000US4101793247",-121.367158796863,44.2611800626623,10,0.922121446690274,"Cool Temperate Moist Forest on Mountains",0.394666843995212,-0.290232143359048,0.389105848095667,1016,-0.0412,15733,134,321,682,6.5,21.3,1.19999999999999,1.4,-23.4,-0.7,-68,1709,1451,1864,3521,1313,2208
"0600000US4101991054",-123.493372749139,43.7596306574083,7,0.758918685610366,"Cool Temperate Moist Forest on Mountains",0.541322314049587,0.210533873566199,-0.320903626410707,-73,0.0158,7011,29,30,-52,-0.0999999999999996,-19.6,12,20.5,-0.800000000000001,-2.6,-102,-300,-590,-703,993,251,742
"0600000US4101991547",-123.413196617616,43.5694494359803,5,0.770987511258747,"Cool Temperate Moist Forest on Mountains",0.427514917219934,-0.265145304327103,0.218068471351344,25,-0.014,10850,55,1,80,3.7,2,4.59999999999999,-1.1,-0.800000000000001,-8.5,88,-94,-95,108,1723,599,1124
"0600000US4101991853",-123.610860806376,43.3072188518954,4,0.555504595267066,"Cool Temperate Moist Forest on Mountains",0.790125468469936,0.00288230916010122,-0.440950695828834,114,0.0758,3110,-14,2,25,-11.9,14.5,5.59999999999999,9.1,-20.3,-4.4,109,201,134,40,2056,719,1337
"0600000US4101992057",-123.249345203747,43.0211466553401,3,0.939304804313088,"Cool Temperate Moist Forest on Mountains",0.667191698322987,0.153937174713811,0.112469218374691,-229,0.0374,4531,87,-187,64,1,3.2,5.2,1.2,-4.4,-0.600000000000001,-423,266,135,943,5592,1735,3857
"0600000US4101992244",-122.607606998899,43.2969308032811,7,0.703417222790579,"Cool Temperate Moist Forest on Mountains",0.450095017764191,0.00928097610240397,-0.240700371603235,256,0.0396,7585,121,-11,241,2.7,-30.2,1.2,13.8,16.5,-2,248,272,470,615,2161,594,1567
"0600000US4101992652",-123.912375405458,43.7045790561343,7,0.59446717803519,"Cool Temperate Moist Forest on Mountains",0.861843955673061,0.042522293203318,-0.208039284314611,145,-0.062,7152,-40,-156,-44,-5.3,18.4,4.8,-24.8,6.6,-1.6,-118,115,49,86,2577,786,1791
"0600000US4101992686",-123.338022689305,43.1937791053659,8,0.926991005848029,"Cool Temperate Moist Forest on Mountains",0.640449741156169,0.541307867183411,0.032203166827969,791,0.00880000000000003,9128,175,-23,186,3.1,16,0.599999999999994,-3.9,-14.3,-6,-810,896,-494,-288,17616,4630,12986
"0600000US4101993060",-122.986551212566,42.9431468316051,6,0.948395809625151,"Cool Temperate Moist Forest on Mountains",0.805317243329877,0.213256278535873,-0.207893128548128,-232,0.0513,-4544,-22,-68,129,2.7,-11.7,0.0999999999999943,17.2,-5.5,4,-163,358,-34,-78,1870,469,1401
"0600000US4101993153",-123.260991942843,43.4218647961718,1,0.596897760236601,"Cool Temperate Moist Forest on Mountains",0.887017487307599,0.283638374991611,0.12538774646794,809,0.0415,6551,-73,344,661,6.7,23.4,3.5,-15.2,-18.1,3.8,448,750,1212,495,6866,2302,4564
"0600000US4101993179",-123.589548775975,43.0365593488163,3,0.92067729347657,"Cool Temperate Moist Forest on Mountains",0.873106783759705,0.0952770767043791,0.0846391098548576,653,0.0855,8633,102,272,488,4,6.3,3,-6.8,3.6,-7.9,24,666,705,687,4002,1157,2845
"0600000US4102190102",-120.204943659155,45.610441349513,4,0.766510245115639,"Cool Temperate Moist Forest on Mountains",0.515764918353525,0.222229937652019,-0.451402009313505,34,0.0444,1704,-5,17,-2,-1.5,1.3,0.799999999999997,68.5,-60.4,-2.9,1,6,33,117,354,44,310
"0600000US4102190612",-120.213671991559,45.2498688709881,4,0.971742498912492,"Cool Temperate Moist Forest on Mountains",0.216198366954851,0.213502462848988,-0.443760565910673,-155,-0.0261,2940,-70,33,-50,3.2,-9.8,0,51.9,-20.7,-1.9,-1,-44,-54,30,488,110,378
"0600000US4102391462",-119.267226164909,44.4511643997506,7,0.717481999006657,"Cool Temperate Moist Forest on Mountains",0.378761625234273,0.0425269091058107,-0.236230306634965,35,0.0344,6994,27,-86,66,-1.5,-15.9,0.200000000000003,-5.2,13.5,1.6,-100,221,81,141,2328,671,1657
"0600000US4102391683",-119.264104064101,44.7961546410784,5,0.940352650837371,"Cool Temperate Moist Forest on Mountains",0.205395130899888,-0.367917132442559,0.293982903721705,-27,0.00240000000000001,11575,45,0,-4,9.9,-10.6,-3.8,-2.3,12.8,5.7,-20,-96,-179,-192,387,129,258
"0600000US4102392584",-118.601819717747,44.5309517506175,2,0.652070994776404,"Cool Temperate Moist Forest on Mountains",0.95653209479576,-0.722657021443516,0.277902929983663,-51,-0.04,19286,-42,4,-68,3.9,25.3,2,-19,5.9,2.9,38,-110,-153,-130,522,182,340
"0600000US4102392856",-119.252915700777,44.1184156052977,5,0.665257742520842,"Cool Temperate Moist Forest on Mountains",0.481657550330765,-0.334079444162778,0.322500081085812,-10,-0.1446,9650,-54,9,11,15.6,0,-0.400000000000006,0,-16,4.8,22,1,53,21,144,53,91
"0600000US4102590391",-119.399936363692,43.7429968509378,6,0.473399907975066,"Cool Temperate Moist Forest on Mountains",0.538185443668993,-0.232484201994133,-0.36421156550105,-64,0.0114,-530,-86,-73,162,2.8,0.899999999999999,3.2,-14.7,13.5,-7.6,-103,288,145,-25,2464,631,1833
"0600000US4102590901",-119.000878142033,42.7675173058758,5,0.778984122186111,"Cool Temperate Moist Forest on Mountains",0.574666066336485,-0.35090562406045,0.316796700241019,-183,0.065,10500,-146,-15,-90,5.8,9,7.3,-26.2,28.6,-9.6,-5,-182,-399,-354,248,45,203
"0600000US4102590918",-118.593008876669,43.6246940797287,5,0.786478843903178,"Cool Temperate Moist Forest on Mountains",0.266060795988718,-0.408276479199985,0.326581840219626,4,0.0086,13200,-129,18,-14,1,-9.5,-4.2,-4.2,31,-10,-53,110,166,282,532,95,437
"0600000US4102790476",-121.804788090422,45.6319761580423,5,0.795188319418415,"Cool Temperate Moist Forest on Mountains",0.669117647058823,-0.288545195461057,0.357663795743391,76,0.0799,10853,-5,35,130,-1.5,4.8,4.8,4.4,-1.8,-8.2,28,174,318,324,546,122,424
"0600000US4102790850",-121.726033271774,45.5281956337228,5,0.791868817409338,"Cool Temperate Moist Forest on Mountains",0.39338302126886,-0.384188749746234,0.357349512146222,-104,-0.017,11890,-79,11,3,14,-1.09999999999999,20.4,20.9,-19.8,-16.2,-213,25,-206,-27,316,43,273
"0600000US4102791343",-121.579905490261,45.6784770590686,10,0.494108626314109,"Cool Temperate Moist Forest on Mountains",0.86366644606221,-0.0108243631014525,0.373637969569327,437,-0.00839999999999996,13174,74,29,319,5.4,-6.9,-2.59999999999999,10.4,8.5,-2.7,95,481,304,432,5435,1060,4375
"0600000US4102792380",-121.511766207161,45.608005340618,5,0.778913276736644,"Cool Temperate Moist Forest on Mountains",0.662265318753868,-0.231533326194362,0.199715703307321,25,0.1197,9884,-203,12,46,5.6,-0.200000000000003,-1.19999999999999,-16.6,20.1,-9.9,162,-61,-13,153,1736,343,1393
"0600000US4102792431",-121.588444116535,45.3918455556966,6,0.737657386250772,"Cool Temperate Moist Forest on Mountains",0.807567680568621,0.348365238754126,-0.130503593723879,160,0.0532,-9989,167,6,75,5.4,16.6,-8.3,41.8,-58.4,16.2,194,260,540,621,567,130,437
"0600000US4102990119",-122.720926385052,42.2117584291162,8,0.878153770671996,"Cool Temperate Moist Forest on Mountains",0.315973474653866,0.45692478776318,0.0810945301722045,473,0.0322,12018,114,923,576,5.8,3.9,0.0999999999999943,-2.3,-1.8,-0.399999999999999,-230,1409,827,612,14499,3606,10893
"0600000US4102990408",-122.479053381061,42.6674534357506,4,0.423646506700884,"Cool Temperate Moist Forest on Mountains",0.548597678916828,0.158871025720237,-0.406000559047285,-306,0.1127,1043,-77,-70,49,1.1,-14.2,0.5,17.5,-3.2,4.5,-91,110,-89,-178,1107,347,760
"0600000US4102990952",-122.798914607735,42.4788905332602,10,0.549900763372115,"Cool Temperate Dry Shrubland on Mountains",0.648827925683585,-0.173900491108534,0.348028970532994,685,0.0527,12978,336,99,873,6.5,-2.9,2.3,-15.4,12.1,-2.6,-261,1537,1558,1869,4434,931,3503
"0600000US4102991836",-122.88533684252,42.3546683085381,9,0.985811009282816,"Cool Temperate Dry Shrubland on Mountains",0.601121130879844,0.927704647851741,-0.191393952909558,8188,0.0192,8578,394,1287,3706,2.1,0,0.600000000000009,0.699999999999999,-1.5,-0.800000000000001,-80,10214,11359,15018,54745,11047,43698
"0600000US4102992278",-123.111621634012,42.609265523029,5,0.627254905285596,"Cool Temperate Dry Shrubland on Mountains",0.325445787205273,-0.215185624673216,0.206620823980761,-21,0.0324,11023,-24,52,-62,7.5,-16.9,5.7,-17.5,29.2,-1.3,132,31,-101,-260,3227,1112,2115
"0600000US4102992771",-122.980972003931,42.5110972275461,7,0.595750188095613,"Cool Temperate Dry Shrubland on Mountains",0.436082642613991,0.0562717031963827,-0.233863017283476,-81,0.0619,6276,-46,-15,35,6.2,20.4,-2.5,-28.2,32.5,-0.700000000000001,-19,239,265,-273,1878,488,1390
"0600000US4102992873",-122.80206996524,42.6840748233317,10,0.920586176958824,"Cool Temperate Dry Shrubland on Mountains",0.753781747139269,-0.235220720181182,0.407799169041159,232,0.0531,14611,90,-247,281,4.5,-14,1.7,8.5,10.2,-4.4,238,528,831,663,3174,739,2435
"0600000US4102993026",-122.495336270131,42.2263903827942,2,0.967747815510041,"Cool Temperate Dry Shrubland on Mountains",0.773451126967946,-0.854374321124274,0.227601678833906,-18,-0.0181,22232,8,-5,-109,4.5,6.1,1.40000000000001,-0.5,-40.6,-5.8,-21,-242,-341,-309,781,266,515
"0600000US4102993094",-122.979304279585,42.1677576003099,3,0.476496465942754,"Cool Temperate Dry Shrubland on Mountains",0.350174723354688,0.0775587470752816,0.287809980030201,-478,-0.0282,9468,43,-44,-478,9.5,-30.9,0.599999999999994,13.7,15.2,-2.6,-215,-690,-1258,-1155,4396,1305,3091
"0600000US4103190136",-120.791455463178,44.6491347589161,2,0.781278066189967,"Cool Temperate Dry Shrubland on Mountains",0.440952665415031,-1.01957495686177,0.189348531121993,69,-0.0371,56591,-77,24,-2,11,-12.9,9.10000000000001,-34.9,47.6,-6,-69,379,132,381,213,59,154
"0600000US4103190782",-121.224670711509,44.5273259995959,10,0.986045481864113,"Cool Temperate Dry Shrubland on Mountains",0.613784359258825,-0.288350305769135,0.380485365595407,535,-0.0186,14132,42,149,116,5.2,17.8,1.5,-26,8.1,-6.8,234,583,997,992,3005,1016,1989
"0600000US4103191224",-121.572121970384,44.5062292708929,2,0.652461039033698,"Cool Temperate Dry Shrubland on Mountains",0.457945709998636,-0.735487859823189,0.231937449896087,79,0.00259999999999999,19389,10,12,-2,-4.6,0,-5,76.9,-42.3,-0.100000000000001,-21,49,78,112,240,95,145
"0600000US4103191751",-121.134311332275,44.7092876152875,3,0.717820068952339,"Cool Temperate Dry Shrubland on Mountains",0.520499224004139,0.119529500356142,-0.00155042868335464,202,0.0284,4214,-34,132,-48,3.3,10.6,3.2,-16.2,12.5,-1.1,-128,537,-37,148,3800,840,2960
"0600000US4103193383",-121.497716454311,44.7234982941265,6,0.901868235909489,"Cool Temperate Dry Shrubland on Mountains",0.397947780148329,0.266224017568439,-0.175461840998344,-68,0.0451,-3307,32,48,25,1.5,30.4,8.40000000000001,-8.7,-16,11.6,-50,256,384,322,836,116,720
"0600000US4103390493",-123.552791929763,42.1059547407274,3,0.365173302486458,"Cool Temperate Dry Shrubland on Mountains",0.531656039979321,0.0944923178929163,-0.120619207975136,-149,0.0055,6248,-43,7,403,1.3,-16.5,6.59999999999999,11.1,5.3,-2.4,79,655,373,48,3291,873,2418
"0600000US4103391241",-123.324995442549,42.5119866950465,8,0.599336170608638,"Cool Temperate Dry Shrubland on Mountains",0.481077852259906,0.701345445972145,-0.0238828147318135,2216,-0.00259999999999999,10855,219,666,1339,1.8,-3.2,2.2,-2,6.4,-1.7,-86,3539,4013,4552,26567,7036,19531
"0600000US4103392295",-123.625444489092,42.6153626489371,7,0.491368606214858,"Cool Temperate Dry Shrubland on Mountains",0.605819138825938,0.060703845525272,-0.186744891652255,251,-0.018,6064,-32,14,149,2.2,14.6,-0.799999999999997,-31,23.6,1.4,-163,-2,-172,-134,2946,1024,1922
"0600000US4103393485",-123.672371647717,42.3793319124195,7,0.849723472922327,"Cool Temperate Dry Shrubland on Mountains",0.451848307213782,0.042400331708257,-0.234766270418649,-263,-0.0436,7694,-51,-56,24,-6.7,2.2,0.799999999999997,-13.7,11.4,-7.8,-213,-187,-828,-617,2170,807,1363
"0600000US4103393519",-123.303922723031,42.2260836893832,7,0.671469907147254,"Cool Temperate Dry Shrubland on Mountains",0.570934885412877,0.164868993808686,-0.333848433347145,-4,0.0886,5973,187,-12,79,-1.5,10,-0.700000000000003,-17.5,11.6,-0.699999999999999,-69,26,-8,230,1393,443,950
"0600000US4103590527",-121.553649753854,42.6974462980781,6,0.317976020926022,"Cool Temperate Dry Shrubland on Mountains",0.551306502210181,-0.131145327068055,-0.438011039280777,123,0.0993,1462,-23,53,242,7,-20.5,3.2,26.4,-5.9,1.4,126,104,568,1086,2276,662,1614
"0600000US4103590731",-121.784580231482,43.2693040680738,7,0.914639185111968,"Cool Temperate Dry Shrubland on Mountains",0.717070347284061,0.152999939252788,-0.285295961304815,-206,-0.0163,7415,65,-163,-80,0.4,4.59999999999999,9,-18.6,19.3,-1.2,-24,67,85,204,1344,366,978
"0600000US4103591564",-122.105655709574,42.3871061878378,5,0.965336079529524,"Cool Temperate Dry Shrubland on Mountains",0.559753679156664,-0.359400245714595,0.276712252691972,-297,-0.0243,11466,-25,-31,-107,-9.5,-16.5,-0.899999999999991,-10.6,-6.8,-3.8,-167,-197,-256,-575,1216,398,818
"0600000US4103591581",-121.783947437558,42.2403725118231,8,0.872509873304743,"Cool Temperate Dry Shrubland on Mountains",0.506924715909091,0.609459267186313,0.00402154621702122,-351,0.00490000000000002,4889,127,121,-111,0.300000000000001,-5.5,0,-4,8.9,1.8,-433,1241,611,-660,20359,4231,16128
"0600000US4103591651",-121.100913105833,42.2941641993433,4,0.489089962996786,"Cool Temperate Dry Shrubland on Mountains",0.491771987159094,0.222238932242343,-0.475168842632693,89,-0.0899,5037,-18,24,14,2.3,3.4,-2.3,-50.9,47.5,-11,28,66,66,111,673,211,462
"0600000US4103591785",-121.438305225224,42.0305658467923,7,0.609097626588141,"Cool Temperate Dry Shrubland on Mountains",0.318774772228013,0.267032232563253,-0.371031248255037,191,0.0694,6637,-22,36,107,-8.9,15.5,-1.80000000000001,-43.5,20.3,0,-3,123,196,509,593,77,516
"0600000US4103591870",-121.662930653084,42.0709766640487,6,0.785225529155586,"Cool Temperate Dry Forest on Mountains",0.58128581966748,0.0684149243534818,-0.34244485201762,-200,-0.01,-1684,-254,-81,76,10.2,8.3,6.5,-29.6,13.4,-7.2,-138,62,-266,-215,871,193,678
"0600000US4103593594",-121.568446783836,42.2916638693856,6,0.659164502284889,"Cool Temperate Dry Forest on Mountains",0.536564711575297,0.183422642697308,-0.324914902339713,46,0.0562,-858,9,29,-2,1.2,-55.9,2.59999999999999,-7.4,78.8,-1.3,-15,28,-51,-59,554,190,364
"0600000US4103791632",-120.56745628954,42.2054532818166,6,0.502141407530875,"Cool Temperate Dry Forest on Mountains",0.617308308876119,-0.202862223472375,-0.396214164876752,-235,0.0166,-1223,-79,30,-175,-4.3,10.1,0.0999999999999943,-9.1,-2.4,4.7,66,-414,-480,-611,2120,411,1709
"0600000US4103792924",-120.612221783366,43.3153287536554,4,0.826337849110038,"Cool Temperate Dry Forest on Mountains",0.283602731437462,0.189715898663362,-0.474388006073997,26,0.0555,3475,-148,76,124,-3.7,-0.600000000000001,-1.7,25.8,-25.2,-0.800000000000001,-71,384,170,479,954,194,760
"0600000US4103793145",-120.772156122669,42.7775699533029,2,0.991655150023781,"Cool Temperate Dry Forest on Mountains",0.335849056603774,-0.867029069055187,0.249135917852385,36,-0.2228,23807,1,11,-41,13.4,30.5,6.3,-34.6,-5.1,-13.7,15,-70,-11,32,268,57,211
"0600000US4103793417",-119.875827388115,42.4499222113928,2,0.84919393633647,"Cool Temperate Dry Forest on Mountains",0.619859655868499,-1.00124215309934,0.176471050172604,33,-0.0375,35248,-47,23,41,-1.5,100,2.90000000000001,0,-75,-12,-3,75,99,55,173,33,140
"0600000US4103990187",-123.430311793434,44.0592661770668,3,0.77634380355245,"Cool Temperate Dry Forest on Mountains",0.333061576827163,0.196961121710205,0.0912901442511855,686,0.021,5443,143,289,412,0.100000000000001,-2.6,-4,8.6,-2.7,2.5,439,945,1375,1225,5160,1448,3712
"0600000US4103990578",-123.059893553903,44.1605370863185,6,0.95774243220409,"Cool Temperate Dry Forest on Mountains",0.427422009289398,0.152477478153266,-0.27194811602841,-71,0.0247000000000001,-1683,82,42,78,1.9,43.7,-1.3,2,-50.5,-0.5,-10,232,217,280,933,296,637
"0600000US4103990697",-122.844309239311,43.6621478864387,1,0.88429998061273,"Cool Temperate Dry Forest on Mountains",0.536258379037172,0.259314742774024,0.121999865221751,614,0.00940000000000002,9038,332,-6,242,5,-10.6,0.200000000000003,18,-10.9,2.6,-154,1402,994,264,7614,2039,5575
"0600000US4103990748",-123.047240950995,43.9225969434129,10,0.831698428146119,"Cool Temperate Dry Forest on Mountains",0.6129108536297,-0.248885376942078,0.422481484244831,729,-0.0325,14221,39,88,281,4.8,-14,5.90000000000001,-9.9,28,0.200000000000001,-237,899,756,712,3772,954,2818
"0600000US4103990943",-124.037860657876,43.9204552495024,5,0.681125754560435,"Cool Temperate Dry Forest on Mountains",0.340990913766501,-0.338503049449167,0.260455336048161,-53,-0.0247,12585,-3,58,-14,6.6,57.8,-3.3,-20.5,-37.3,4.4,-72,-81,-149,203,1149,444,705
"0600000US4103991105",-123.132211346068,44.050007916519,9,0.910224858298415,"Cool Temperate Dry Shrubland on Tablelands",0.312812620238553,0.928699012963272,-0.250387076571683,15631,0.00899999999999995,9569,-15,2613,5690,2.7,4.4,1.5,0.699999999999999,-8.2,-1.9,983,14273,15551,20253,110716,21385,89331
"0600000US4103991147",-123.989211838361,44.1475659717089,3,0.546604498232379,"Cool Temperate Dry Shrubland on Plains",0.375171279802686,0.142882881637808,0.220869724296875,-287,0.0126,9348,-2,12,-127,1.5,4.2,-1.40000000000001,-21,13,0.6,-100,248,166,612,6184,2480,3704
"0600000US4103991513",-123.314354099174,44.2063401545616,10,0.604222216193087,"Cool Temperate Dry Shrubland on Plains",0.331502745881178,-0.111332789156894,0.39061067316586,482,0.1516,13442,-262,44,258,8.2,-3,4.59999999999999,-16.4,14.4,-1.4,-80,631,519,744,4889,1099,3790
"0600000US4103991700",-122.632944283966,43.9390115920295,4,0.633483591750555,"Cool Temperate Dry Cropland on Plains",0.221469691838808,0.06404257342742,-0.402906329765671,4,0.0836,4299,1,91,72,8.4,8.6,0.799999999999997,7.8,-28.8,-1.3,46,339,257,130,1956,549,1407
"0600000US4103991719",-122.193368790085,44.1006055092355,10,0.961185660622458,"Cool Temperate Dry Cropland on Plains",0.318717979268438,-0.314161352900107,0.356426308591918,324,0.0981,13769,24,-99,197,-1.2,11.5,0.299999999999997,4.5,-21.2,-0.699999999999999,213,658,819,782,2316,699,1617
"0600000US4103991802",-122.819898710543,44.1791011840727,2,0.931648253850133,"Cool Temperate Dry Cropland on Plains",0.394213702520412,-0.940333697915679,0.268919866791309,254,-0.0866,28915,111,-61,2,3,-6,2.40000000000001,-21.9,25.5,-3.3,120,417,617,340,2028,642,1386
"0600000US4103991889",-123.724485359586,44.1225284615011,5,0.776186305049957,"Cool Temperate Dry Cropland on Hills",0.458099734434937,-0.237664809004224,0.294773890659414,-18,0.000300000000000022,9347,-6,-14,56,1.1,17.6,2.7,-13.4,-4.2,-9.8,-25,79,91,56,920,277,643
"0600000US4103992346",-122.288340759491,43.7035539190498,6,0.910831303156687,"Cool Temperate Dry Cropland on Mountains",0.424297043979813,0.236305372782333,-0.20292942975347,-72,-0.0673,-7881,155,22,-79,0.199999999999999,-4.1,0,28.5,-15,13.4,255,-26,95,148,1928,553,1375
"0600000US4103992482",-122.929751110465,43.9487098175737,7,0.737529742224692,"Cool Temperate Dry Cropland on Mountains",0.353170731707317,0.00119873379456377,-0.25218932998059,-133,-0.0712,7998,-112,146,-165,2.8,-11.6,3.39999999999999,-5.2,31.4,-2.3,261,-356,197,642,2126,746,1380
"0600000US4103993300",-123.426370018333,43.9090270986286,2,0.908215876698333,"Cool Temperate Dry Cropland on Mountains",0.328522336769759,-0.971251326663921,0.230640095890508,0,-0.0297,35037,-17,-33,-65,2.6,-4,2.10000000000001,26.6,-22.6,-6.8,93,43,41,-207,621,154,467
"0600000US4104190884",-123.954606478838,44.8471653312808,7,0.447457456925231,"Cool Temperate Dry Cropland on Mountains",0.414925373134328,0.0992915099593553,-0.211932228855946,-154,0.000199999999999978,5819,-2,-37,229,-2.8,-14.7,6.30000000000001,-55.7,70.4,-3.7,-97,556,407,510,2308,959,1349
"0600000US4104191020",-123.722831408877,44.578272355132,6,0.609790225412612,"Cool Temperate Dry Cropland on Tablelands",0.274018092293599,0.416981105448622,-0.0214420628353653,-39,0.1442,-16730,-73,9,-29,2.5,14.3,6.09999999999999,-100,85.7,-3.1,67,-24,-29,-344,355,86,269
"0600000US4104191674",-123.86637138001,44.9709502034758,3,0.888481246308935,"Warm Temperate Moist Cropland on Plains",0.407694726910578,0.154927855138679,0.0916304059639372,-910,-0.0161,3230,-30,113,-324,4.8,21.2,0.900000000000006,-12.4,-3.6,2.7,-101,81,-120,172,5608,1424,4184
"0600000US4104192133",-124.029565382703,44.649014489427,3,0.870329588881347,"Warm Temperate Moist Cropland on Plains",0.460506950122649,0.160848294052325,0.138323531399874,24,-0.0081,1053,59,309,90,-2.8,5.7,1.59999999999999,-0.5,-7.6,-0.600000000000001,150,623,1003,1088,5784,1516,4268
"0600000US4104192907",-123.844332077484,44.7743047275068,6,0.95257787778632,"Warm Temperate Moist Cropland on Plains",0.33099209833187,0.234144297844963,-0.210115180300479,-190,0.0627,-2976,14,29,-100,-1.8,-9.49999999999999,1.90000000000001,17.8,-8.3,2,-68,-165,-352,-284,1116,259,857
"0600000US4104193230",-123.920324758259,44.5956360686094,10,0.72670146493167,"Warm Temperate Moist Cropland on Plains",0.575607454588346,-0.394298379681911,0.354703881165352,71,0.0377,16907,65,65,165,6.6,12.1,3.7,-4.5,-6.7,-1.6,-23,525,600,256,2262,565,1697
"0600000US4104193349",-123.936645245276,44.3932082682168,3,0.640695790003966,"Warm Temperate Moist Cropland on Plains",0.97727007809768,0.0340159550450437,0.115157820559539,322,-0.0366,9596,-51,193,228,-0.399999999999999,-31.7,0.899999999999991,-14.2,30.2,1.7,-10,871,931,1292,3865,1202,2663
"0600000US4104390068",-123.09408138386,44.6049830303868,8,0.829948201517784,"Warm Temperate Moist Cropland on Plains",0.667249825052484,0.634617923726336,0.0228638644423391,4312,0.0157,14187,-326,108,1648,6.3,2.90000000000001,1.8,-5.8,0,-6.8,498,3745,3120,5302,22049,5063,16986
"0600000US4104390374",-122.957649791536,44.3469217273666,7,0.889927351790442,"Warm Temperate Moist Cropland on Plains",0.374531835205993,0.09936954527185,-0.213757080730442,374,0.0785,8771,-123,-21,183,5.3,11,-1.89999999999999,3.2,-0.600000000000001,-1.2,117,227,221,-245,1719,393,1326
"0600000US4104390986",-122.272840593708,44.4463860381007,5,0.679372566205309,"Warm Temperate Moist Cropland on Plains",0.326813186813187,-0.405470416862114,0.313412552868977,64,0.1447,13026,-46,40,49,1.2,-14.8,0.0999999999999943,-5.3,20.1,-3.1,30,326,314,261,901,256,645
"0600000US4104391292",-123.139349713277,44.3656840069605,6,0.449018940631275,"Warm Temperate Moist Cropland on Plains",0.890329012961117,-0.291833001863281,-0.401582744706719,-65,-0.0091,-2270,61,19,247,1.2,15.8,-4.3,15.9,-31.1,5,9,490,1094,1518,2655,459,2196
"0600000US4104391666",-122.892208717844,44.5190531152468,1,0.693919681040333,"Warm Temperate Moist Cropland on Plains",0.460182562165565,0.363494451059286,0.0974550906528708,1130,0.0246,4617,162,-132,782,2.6,6.7,1.09999999999999,-8.7,1.9,-0.800000000000001,-111,1876,1708,1923,10287,2206,8081
"0600000US4104391904",-122.462875161434,44.6907955040564,6,0.509803446315677,"Warm Temperate Moist Cropland on Plains",0.779353123615419,-0.215951696195426,-0.409657214466915,-80,0.0102,-938,-32,-2,23,-3.8,0.300000000000001,1.8,5,-5.5,0.6,-511,439,-95,266,2417,673,1744
"0600000US4104392822",-122.866170419796,44.6458848408544,5,0.525799228374257,"Warm Temperate Moist Cropland on Plains",0.745552977571539,-0.312412561056901,0.257122983938736,-155,-0.0528,12593,138,-27,-22,6.1,-7.2,2.8,12.5,-0.800000000000004,-1.2,-53,48,153,-139,2188,608,1580
"0600000US4104393162",-122.713622716535,44.3859376792193,3,0.768595824825087,"Warm Temperate Moist Cropland on Plains",0.723145071982281,0.159936014258462,0.085402615937048,276,0.00319999999999998,8259,181,182,286,-5.1,-31.7,-1.39999999999999,31.8,-2.9,-3.2,87,846,1409,1847,5546,1670,3876
"0600000US4104590017",-117.085657329468,43.6822553051288,4,0.898924236851323,"Warm Temperate Moist Cropland on Plains",0.487714790428778,0.262560422488728,-0.467149095012981,-7,-0.014,2745,-20,-17,48,-2.7,-8.4,-2.3,-7.4,23.9,11.3,6,19,86,39,386,81,305
"0600000US4104590340",-117.731023715007,44.1110373789201,7,0.64388850566942,"Warm Temperate Moist Cropland on Plains",0.445706497046797,0.23161255322706,-0.330055365064486,-15,0.0558,7054,66,14,-5,0.3,-10.1,-0.5,1.9,6.6,-33.4,-35,682,-597,-650,284,52,232
"0600000US4104590833",-116.969267160941,44.1621492928439,4,0.522860682185635,"Warm Temperate Moist Cropland on Plains",0.783892448800101,0.314339700871823,-0.471664825153631,-46,0.0703,4938,-9,20,-3,-1.4,-2.3,-4.89999999999999,-0.0999999999999979,4.4,0,5,23,29,145,441,120,321
"0600000US4104591479",-117.546056210252,42.6383593449911,5,0.863161100791179,"Warm Temperate Moist Cropland on Plains",0.43339197185351,-0.385342625503291,0.325602375948797,-110,0.0311,12067,-85,-17,-65,3.1,-27.1,4.60000000000001,23.6,3.5,2.9,-19,-131,-212,-230,212,24,188
"0600000US4104591768",-117.03539918328,43.9582204268571,6,0.529045160930582,"Warm Temperate Moist Forest on Hills",0.680534597973701,0.422343388498843,0.0851386173293115,-44,0.0963,-19674,14,1,-19,-4.5,21.3,-0.0999999999999943,10.7,-32,-0.4,-22,-52,-197,-265,287,62,225
"0600000US4104592329",-117.040739169174,43.8869724299804,4,0.756182059805525,"Warm Temperate Moist Cropland on Hills",0.590182648401826,0.139256462247697,-0.453998884348397,-149,-0.0305,2106,14,39,-41,5.8,-1.6,-2.60000000000001,-5.2,1.7,2,54,-513,-528,-364,1417,227,1190
"0600000US4104592397",-117.028542756468,44.0318835065561,3,0.912061713442012,"Warm Temperate Moist Cropland on Hills",0.383512544802867,0.149425064806104,0.106695074773999,315,0.0121,7454,9,47,8,-1,4.9,4.2,2.2,-6.7,-5.2,-11,-490,188,417,5240,929,4311
"0600000US4104592414",-117.114842818925,43.8094638468807,6,0.936410354323799,"Warm Temperate Moist Cropland on Hills",0.331736526946108,0.16470729875254,-0.272858049566568,-128,0.1187,-3217,-17,-9,0,-10.8,-4.9,-4.5,9.3,-4.5,9.2,-66,-27,-35,-117,242,39,203
"0600000US4104593315",-117.257342935302,44.0096858135065,4,0.585482487292881,"Warm Temperate Moist Cropland on Hills",0.481171548117155,0.15029120206424,-0.413682854582119,117,0.0475,4920,-132,87,87,2,-17.4,0.200000000000003,19,-2.5,-1.7,69,188,124,390,1447,251,1196
"0600000US4104790994",-122.12514255957,44.7976581378583,4,0.554491028338964,"Warm Temperate Moist Cropland on Hills",0.475292999683244,0.237273782819939,-0.474845828627318,-13,-0.0107,4624,-35,-5,69,5.3,13.7,7.39999999999999,-3.8,-9.8,-3.8,-84,206,-49,-260,1027,318,709
"0600000US4104791360",-122.817794091301,45.217251957324,10,0.481801031218748,"Warm Temperate Moist Settlement on Hills",0.176590538336052,-0.234725587517566,0.309750579626441,509,0.0547,12054,-172,105,427,6.2,-14.1,2.09999999999999,-13.4,24.2,-4.5,-197,1200,874,1699,3744,855,2889
"0600000US4104791428",-122.988152284934,44.7758555127169,10,0.476424824463992,"Warm Temperate Moist Settlement on Mountains",0.397007845283707,-0.158138326775491,0.355133757773252,651,-0.0457,12402,-56,171,432,6.4,8.9,-0.0999999999999943,4.3,-12.6,-3.6,69,1161,1439,2029,4545,1014,3531
"0600000US4104792006",-122.780594665973,45.0749698217789,7,0.901037939677301,"Warm Temperate Moist Cropland on Mountains",0.322608695652174,0.111925464740911,-0.247578294218654,76,0.0335,6340,63,-72,63,8.7,10.3,4.39999999999999,-21.3,7.6,-2.1,-198,210,-276,-264,1783,431,1352
"0600000US4104792720",-122.970163744004,45.19752389471,2,0.718571577924728,"Warm Temperate Moist Cropland on Mountains",0.567339373970346,-1.05183445964299,0.119943556933749,117,-0.1152,27987,52,15,-12,10.2,18.5,10.5,-28.1,7.5,-1.7,65,10,47,124,481,121,360
"0600000US4104792737",-122.976090918962,44.9481753875531,9,0.934583067471641,"Warm Temperate Moist Cropland on Mountains",0.558927519151444,0.928329022427405,-0.264968304004422,16970,0.00430000000000003,12643,1177,1943,3048,2.3,1.8,1.40000000000001,-3,1.7,-3.5,1804,16744,17734,20826,85408,19327,66081
"0600000US4104792941",-122.647383087003,44.9346307017766,10,0.493694657625168,"Warm Temperate Moist Cropland on Mountains",0.337916183534868,-0.0326611531172963,0.365350325785558,466,0.0321,16086,-259,-83,311,5.2,-10.6,2.3,13.6,-1.9,-7.1,435,923,1624,1763,5952,1755,4197
"0600000US4104793128",-122.76286000382,44.8365152640368,10,0.594374391729987,"Warm Temperate Moist Cropland on Mountains",0.441641825269434,-0.0897702908180172,0.401001987133864,749,-0.0129,15457,-185,-38,46,-2.7,0.299999999999997,0.700000000000003,11.6,-16,-2.3,-313,383,396,802,5435,1284,4151
"0600000US4104793570",-122.883764048752,45.1352010234405,1,0.676514111710784,"Warm Temperate Moist Cropland on Mountains",0.362068965517241,0.335698168748708,0.141140328886881,1704,0.0136,10907,-490,530,427,3,-6.1,7.59999999999999,-16.8,18.1,-5.5,-813,1504,1930,3028,9663,2067,7596
"0600000US4104990323",-119.747894993684,45.7636816545976,3,0.49762452834899,"Warm Temperate Moist Cropland on Mountains",0.472351571594878,0.115207329290989,-0.0863474188962581,204,0.0165,5280,-200,260,440,-0.7,-2.4,-3.09999999999999,-4.3,2.5,2,42,336,613,817,2880,433,2447
"0600000US4104991309",-119.458397973383,45.2706669336987,5,0.833921556422117,"Warm Temperate Moist Cropland on Mountains",0.294318181818182,-0.387397820775307,0.298182098620189,92,-0.0373,12622,56,49,-77,-2.2,-58,3,4.2,58,-16.3,84,-111,-217,-436,832,171,661
"0600000US4104991411",-119.757693596399,45.5304480626323,6,0.781477196750687,"Warm Temperate Moist Cropland on Mountains",0.249002601908066,0.353590738243757,-0.163089196154248,-81,0.00800000000000001,-8565,26,22,-46,-7.1,1.6,-2.40000000000001,29.5,-26.2,3.4,0,-134,-240,-190,396,83,313
"0600000US4105190663",-122.085274359418,45.5277111778829,10,0.527916483406064,"Warm Temperate Moist Cropland on Mountains",0.212718600953895,-0.478997881320849,0.305225145586381,37,0.0506,14971,-78,21,-5,12.4,-2.2,-0.599999999999994,14.1,-6.9,-5.1,-35,-98,-197,125,1466,402,1064
"0600000US4105191249",-122.422775638654,45.5153876731775,9,0.990740180882634,"Warm Temperate Moist Cropland on Mountains",0.514786649767638,0.897464601455166,-0.210222922851329,8487,0.018,8278,198,989,2160,3.1,3.3,1.09999999999999,-1.9,-4.5,-3.1,-2095,9496,7341,12985,52665,10011,42654
"0600000US4105192518",-122.62410980511,45.546746635206,9,0.972262515784239,"Warm Temperate Moist Cropland on Mountains",0.33465660976578,0.942134734907673,-0.16785638335607,47482,0.00650000000000001,19064,490,6360,12917,7.9,3.2,2.59999999999999,-4.5,-2.7,-3.8,-3172,46963,44707,57691,201284,29172,172112
"0600000US4105192520",-122.739088126892,45.52300644154,9,0.915506224209143,"Warm Temperate Moist Cropland on Mountains",0.310025273799495,0.859543153448912,-0.165627481413208,10857,-0.0212,20460,-64,-483,7623,4.7,-0.799999999999999,0.600000000000009,-1.2,0.900000000000006,-1.6,-789,15127,15586,22089,69744,10659,59085
"0600000US4105192975",-122.849340113104,45.6694875542862,10,0.458328211111362,"Warm Temperate Moist Forest on Mountains",0.671950004528575,-0.508828436918211,0.294804681096228,-433,0.0163,16106,59,-18,-120,-1.3,9.5,-1.09999999999999,-11.4,1.90000000000001,4.7,-37,-121,-169,-320,1070,260,810
"0600000US4105390799",-123.298921501176,44.9778693878784,1,0.83402685765517,"Warm Temperate Moist Forest on Mountains",0.583110431792128,0.304178935012489,0.15994873213115,1216,0.0264,10585,-185,369,748,5,-12.1,2.5,-6,15.3,-1.6,636,1715,2022,2227,8190,2511,5679
"0600000US4105391122",-123.539083071326,44.8518751522501,2,0.950566262768374,"Warm Temperate Moist Forest on Mountains",0.687603763143331,-0.907999380347102,0.308808921695158,331,0.0395,25411,-6,-42,159,2.3,13.5,0.400000000000006,-5.9,-8.9,-1.6,-74,558,416,274,1223,259,964
"0600000US4105391972",-123.235094416805,44.8036432064643,1,0.82182112354439,"Warm Temperate Moist Forest on Mountains",0.446008531383303,0.240728330494607,0.174006488154382,1807,-0.00800000000000001,11409,87,606,254,3.7,0,2.59999999999999,-2.6,2.3,-5.8,-111,1392,1842,2309,7293,1270,6023
"0600000US4105392754",-123.129861283319,44.9839495662103,8,0.603220652900835,"Warm Temperate Moist Forest on Mountains",0.645651562060231,0.427279468676754,0.0628975840153692,2202,0.0362,3916,212,363,1221,0.600000000000001,0.500000000000004,-0.900000000000006,-0.600000000000001,-16.2,-0.4,1029,1599,2864,4292,12410,3306,9104
"0600000US4105393502",-123.577653355322,45.0324486235032,2,0.665385845121283,"Warm Temperate Moist Forest on Mountains",0.607907858697942,-0.719116304699387,0.183367989177236,52,-0.0601,19436,53,-196,-50,1.6,-32.5,3.90000000000001,15.2,16.6,4.8,-49,160,284,190,1189,214,975
"0600000US4105591989",-120.712240131036,45.2986771105358,5,0.835373891988323,"Warm Temperate Moist Forest on Mountains",0.621243523316062,-0.281903346637104,0.323421313841467,70,-0.00439999999999996,10551,22,9,37,-0.800000000000001,-43.2,2.19999999999999,14.9,26.3,-9.3,32,24,92,138,373,69,304
"0600000US4105593434",-120.649288897429,45.5910473233487,4,0.925777910489982,"Warm Temperate Moist Forest on Mountains",0.682567316620241,0.257911556676604,-0.479157684680527,-151,0.11,3782,-23,-53,-77,4.1,34.5,-3.90000000000001,12.6,-30.6,-8.1,-70,-93,-301,-315,375,111,264
"0600000US4105790238",-123.718512432526,45.6055003079026,7,0.574436290880497,"Warm Temperate Moist Forest on Mountains",0.64394250513347,0.0109878139325305,-0.233410328790594,394,0.0266,6549,-17,77,39,2.7,-4.4,2,-27,32.1,3.4,-36,47,602,267,2157,560,1597
"0600000US4105790255",-123.71554849852,45.2995141554293,6,0.6884381098621,"Warm Temperate Moist Forest on Mountains",0.394957257577066,0.376320507265072,-0.0813512495615457,-378,-0.0428,-15209,-1,-65,-44,-7,8.1,-1.39999999999999,0.8,-8.9,1,67,-55,-128,-75,961,238,723
"0600000US4105792091",-123.690733934041,45.72300518124,10,0.48902705397747,"Warm Temperate Moist Forest on Mountains",0.604823173248934,-0.494104141104857,0.311499919431884,-154,0.00140000000000001,16901,-161,27,79,7.1,43,7.8,-4.3,-38.6,-16.4,-93,139,-159,62,1604,549,1055
"0600000US4105792108",-123.878193838016,45.1357077929374,7,0.736937332496334,"Warm Temperate Moist Forest on Mountains",0.643666210670315,0.172353396599532,-0.325253319716885,16,-0.0238,7554,68,-71,68,-3.8,-53.3,-4.2,49.5,-46.7,-2.3,-104,202,87,-113,1056,363,693
"0600000US4105793213",-123.655497267922,45.479493628052,3,0.798584048237244,"Warm Temperate Moist Forest on Mountains",0.485405161726586,0.103581775123478,0.111485628475264,-345,-0.0275,8922,29,21,-201,2,-13.6,0.199999999999989,4.8,5.09999999999999,-5.2,271,698,881,1048,5006,1476,3530
"0600000US4105990170",-118.570250357702,45.8811837768683,5,0.808730680079647,"Warm Temperate Moist Forest on Mountains",0.374836743578581,-0.269867688054602,0.309626543094567,15,0.0328,9800,-68,15,89,4,14.4,6.90000000000001,5.8,-11.4,5.1,98,203,256,290,807,207,600
"0600000US4105991334",-119.254160835855,45.8316956821622,8,0.674831362735825,"Warm Temperate Moist Forest on Mountains",0.209042392508307,0.480431550187537,0.0201833961761105,58,0.00790000000000002,4218,-121,-252,444,3.5,-0.899999999999999,-3.40000000000001,-2.4,0.399999999999999,2.1,-445,1969,1296,2637,12794,2251,10543
"0600000US4105991929",-118.183845569235,45.891342857735,10,0.814373921045863,"Warm Temperate Moist Forest on Mountains",0.603212769222899,-0.199674623724422,0.415678176385944,-123,0.061,15285,-151,-33,-106,3.2,6.1,9.8,-19.2,9.5,0.0999999999999979,228,-649,-54,13,3961,644,3317
"0600000US4105992448",-118.983185518724,45.7265679167711,3,0.911881709597945,"Warm Temperate Moist Forest on Mountains",0.44949494949495,0.102626051593597,0.0945377851443809,-686,0.0283,1825,-151,-291,-398,-0.5,10.4,0.899999999999991,3.9,-12.6,4,-228,192,-1361,-1039,6656,1302,5354
"0600000US4105992465",-118.706721847815,45.3290621332634,7,0.718206432078357,"Warm Temperate Moist Forest on Mountains",0.466201459542961,0.227523845480502,-0.361228101844136,69,0.0907,6722,8,-4,27,4.9,21,-1.7,-0.100000000000001,-15.4,0.300000000000001,116,66,-74,27,908,252,656
"0600000US4105993264",-118.493362211175,45.9812866840533,2,0.894232010853243,"Warm Temperate Moist Forest on Mountains",0.67463456577816,-0.97074334944332,0.240607375624298,158,-0.0644,29731,37,-11,69,18.6,40,-0.5,28.6,-58.6,17,-28,169,248,271,362,87,275
"0600000US4105993270",-118.546102867325,45.6464456522071,4,0.58425139421261,"Warm Temperate Moist Forest on Mountains",0.579927667269439,0.209291354769663,-0.473064111820687,73,0.0122,4602,36,54,-11,-0.6,-6.1,1.2,-13.9,21.1,-0.5,70,-17,-70,88,1033,217,816
"0600000US4105993451",-118.342663776273,45.7923615279766,4,0.42352763976117,"Warm Temperate Moist Forest on Mountains",0.404936624416278,0.318812001228924,-0.462819560942916,118,-0.02,5129,23,2,8,-4.5,9.1,-1.90000000000001,-23.8,14.7,2.4,56,-5,180,38,387,69,318
"0600000US4106190714",-117.855896149116,45.3753231856616,5,0.955868712494775,"Warm Temperate Moist Forest on Mountains",0.460707502374169,-0.277876304178805,0.296696050911956,2,-0.0209,10945,-70,-8,75,7.2,-22,6.3,-9.5,39.6,0,-28,33,-61,335,935,336,599
"0600000US4106191037",-117.916614548658,45.6520744466708,7,0.867296869126642,"Warm Temperate Moist Forest on Mountains",0.718175780385211,0.161501519787441,-0.305291243182936,65,-0.0616,6074,-54,-11,146,2.6,-17.8,1,-4.5,16.9,-3.4,-65,159,45,54,1362,368,994
"0600000US4106191615",-118.11698785514,45.3724892452211,1,0.809570365894167,"Warm Temperate Moist Forest on Mountains",0.443749130858017,0.223461597119503,0.178439910946616,603,-0.00940000000000002,9787,-62,237,79,3.1,-2.3,4.2,4.3,-1.1,-4.7,225,108,542,218,7020,1515,5505
"0600000US4106193111",-118.355955309093,45.1908390899416,6,0.553236001517424,"Warm Temperate Moist Forest on Mountains",0.680065873194101,0.441447907502886,0.0266234466417384,-95,0.159,-100341,0,0,-16,-65.8,-12.1,-12.1,-13.8,25.9,12.1,-48,-45,-136,72,40,24,16
"0600000US4106193281",-117.731597369597,45.1580840540799,5,0.540909708681616,"Warm Temperate Moist Forest on Mountains",0.649295632585818,-0.3850177060157,0.296827466475874,212,-0.00950000000000001,13074,19,69,125,4.2,-2.3,1.40000000000001,18.3,-13.4,0.0999999999999996,61,222,155,285,1351,370,981
"0600000US4106391071",-117.320141146913,45.4307643747051,7,0.909183970878528,"Warm Temperate Moist Forest on Mountains",0.881517117923473,0.102722823945991,-0.261165434133081,222,0.0555,7818,28,93,169,5.6,-29.1,1.5,27.8,-4.9,-0.5,-26,137,188,161,1468,369,1099
"0600000US4106391496",-117.133313574209,45.2306573177573,2,0.89776667439074,"Warm Temperate Moist Forest on Mountains",0.417408330366679,-0.800945916248211,0.245005067070456,174,0.0379,21004,40,13,53,4.4,-8.8,1.5,14.4,-5.60000000000001,-4.4,-12,176,130,245,822,175,647
"0600000US4106393366",-117.556883044481,45.5697585541551,7,0.394128285057221,"Warm Temperate Moist Forest on Mountains",0.729846539304729,0.289320447129132,-0.475873522721272,-163,0.0195,5441,-93,-40,28,2.8,47.5,0.400000000000006,-22.5,-34.7,6.1,-138,26,-192,-85,789,207,582
"0600000US4106590085",-120.782608272309,44.9801132070888,4,0.825561655613511,"Warm Temperate Dry Cropland on Mountains",0.296024336515263,0.243409310834595,-0.450607555933249,79,-0.1428,1955,36,-32,23,-38,100,-30.1,-100,0,3.7,-3,140,74,91,94,2,92
"0600000US4106590935",-121.218574248612,45.3005523463181,7,0.868395771274723,"Warm Temperate Dry Cropland on Mountains",0.694365395560615,0.096187958069237,-0.256564194700175,245,0.0345,7823,25,-98,255,-1.6,-2.4,7.60000000000001,-19.3,19.6,-8,140,403,607,247,1470,430,1040
"0600000US4106593196",-121.302329080151,45.5579423483712,1,0.756489801414231,"Warm Temperate Dry Cropland on Mountains",0.291201982651797,0.299312395518636,0.242144920598155,445,-0.0117,10228,-547,165,335,-0.300000000000001,-9.9,2.8,2.8,6.8,-7.1,-182,439,595,1207,8571,2010,6561
"0600000US4106593400",-121.434548467931,44.9565950528494,4,0.733567498382262,"Warm Temperate Dry Cropland on Mountains",0.306514285714286,0.300601653822731,-0.493782548444551,60,-0.00490000000000002,4375,-1,41,-56,-6.3,-5.8,3.60000000000001,-31.6,37.4,-25.4,12,-95,-153,-110,170,28,142
"0600000US4106790289",-122.867994357081,45.4411344565598,9,0.921902607886073,"Warm Temperate Dry Cropland on Mountains",0.596426935409986,0.910362448697083,-0.218967766344546,32583,0.00700000000000001,18476,170,2257,12862,4.5,1.1,1.39999999999999,-2.6,-2.3,-1.7,2262,35382,36729,49416,166816,27242,139574
"0600000US4106790510",-123.049648174065,45.4497505136621,10,0.717703469515199,"Warm Temperate Dry Cropland on Mountains",0.305797650625237,-0.334754277017768,0.312266880017652,321,0.0257,13553,252,84,60,-1.8,-14,-0.299999999999997,-8.1,18.6,1.6,16,664,729,623,2042,606,1436
"0600000US4106790561",-123.264764165952,45.610555972423,2,0.640997628932689,"Warm Temperate Dry Cropland on Plains",0.355227882037534,-0.623417797240834,0.334615347222538,530,-0.016,20942,13,-38,-66,5.4,-8.5,0.200000000000003,3.2,4.8,-1.8,246,484,741,525,2937,609,2328
"0600000US4106791156",-123.098089522042,45.5587219179002,8,0.891427983509114,"Warm Temperate Dry Cropland on Plains",0.262197496522949,0.565621899914071,0.0835237419003055,4726,-0.0121,15647,4,372,1354,5.6,-2.3,3.8,-3,2.1,-8.3,1629,2923,4528,4705,13623,2490,11133
"0600000US4106792210",-122.995280943966,45.6743942386348,10,0.774052633451194,"Warm Temperate Dry Cropland on Plains",0.394539850286218,-0.369000213535761,0.372688418372145,691,0.0383,17544,-30,202,275,10.6,-1.1,3.2,-9.2,11.4,-3.3,151,713,869,1323,2117,501,1616
"0600000US4106792678",-122.863180582937,45.5550242866093,9,0.755880548551962,"Warm Temperate Dry Cropland on Hills",0.242131274131274,0.845108425517539,-0.128820698310489,8196,0.0195,14492,-143,1363,4408,5.8,-3.4,0.600000000000009,1.1,-2.8,-0.9,-200,11861,14091,16224,31518,4192,27326
"0600000US4106991173",-120.192977244461,44.9465865209761,4,0.54429137702936,"Warm Temperate Dry Cropland on Hills",0.220739219712526,0.217776628641862,-0.397918420385982,-57,-0.0945,781,-15,-7,-3,-1.8,29.6,1.2,-44.4,70.4,7.1,18,24,85,-36,260,89,171
"0600000US4106991938",-119.961210904942,44.6371662670339,7,0.480441407982231,"Warm Temperate Dry Cropland on Hills",0.272375215146299,0.3103209467397,-0.419099066272622,-62,-0.0227,6124,-16,-20,17,1.2,9.8,6.59999999999999,1.7,-11.4,-1.3,10,28,49,8,380,122,258
"0600000US4107190459",-123.275390083271,45.3496986792111,10,0.877611413497041,"Warm Temperate Dry Cropland on Hills",0.435583878746125,-0.336854797898364,0.373587455632871,829,0.00629999999999997,17448,130,146,201,5.3,-3.8,1.90000000000001,5.3,5.7,1.2,379,842,1218,1110,2949,747,2202
"0600000US4107190816",-123.125230123037,45.1443669343122,5,0.524327101961738,"Warm Temperate Dry Cropland on Hills",0.486880466472303,-0.180606994091746,0.173744001613809,49,-0.0357,9658,-84,-39,-2,1.7,12.8,1.80000000000001,0,-13.9,-2.4,-57,115,-259,477,2943,683,2260
"0600000US4107191734",-123.215970789423,45.214241118126,8,0.710927910456973,"Warm Temperate Dry Cropland on Hills",0.433263452131377,0.437387685483293,0.145402642874802,1365,0.0324,11442,190,119,1300,4,-5.9,0.5,2.4,5.2,-4.1,202,2293,2019,2511,13705,3038,10667
"0600000US4107192125",-123.007229864893,45.3144577106526,8,0.877188332777768,"Warm Temperate Dry Forest on Mountains",0.344432882414152,0.440992481205345,0.0936566174975264,1371,0.0123,12565,746,210,1104,5.5,-7.3,1.2,-0.299999999999999,6.7,-0.300000000000001,-118,2335,2308,2534,13645,2901,10744
"0600000US4107192890",-123.513364752612,45.1587873269138,3,0.646277538842557,"Warm Temperate Dry Cropland on Tablelands",0.288629499632683,0.101519549331026,-0.0781268397794646,415,0.0682,3915,-64,120,285,2.7,-1.8,6.5,4.2,-4,-1.1,6,833,683,1269,3566,761,2805
